date_time,timestamp,clouds,dew_point,feels_like,humidity,pop,pressure,rain_1h,snow_1h,temp,uvi,visibility,wind_deg,wind_speed,value
2023-11-30 00:00:00,1701302400,20.0,285.29,14.91,82.0,0.0,1016.0,0.0,0.0,15.19,0.0,10000.0,269.0,4.21,0.00000
2023-11-30 01:00:00,1701306000,16.0,285.42,15.61,79.0,0.0,1016.0,0.0,0.0,15.9,0.0,10000.0,257.0,3.97,0.00000
2023-11-30 02:00:00,1701309600,12.0,285.77,16.4,77.0,0.0,1016.0,0.0,0.0,16.67,0.0,10000.0,255.0,4.09,0.00000
2023-11-30 03:00:00,1701313200,8.0,285.95,17.22,74.0,0.0,1016.0,0.0,0.0,17.48,0.0,10000.0,250.0,4.22,0.00000
2023-11-30 04:00:00,1701316800,4.0,286.1,18.03,71.0,0.0,1016.0,0.0,0.0,18.29,0.0,10000.0,239.0,4.28,0.00000
2023-11-30 05:00:00,1701320400,0.0,286.44,18.89,68.0,0.0,1016.0,0.0,0.0,19.14,0.0,10000.0,227.0,4.56,0.00000
2023-11-30 06:00:00,1701324000,0.0,286.5,18.97,68.0,0.0,1016.0,0.0,0.0,19.22,0.0,10000.0,215.0,4.98,0.00000
2023-11-30 07:00:00,1701327600,69.0,287.07,19.34,69.0,0.0,1017.0,0.0,0.0,19.53,0.21,10000.0,208.0,5.86,0.00000
2023-11-30 08:00:00,1701331200,59.0,287.28,19.91,68.0,0.0,1017.0,0.0,0.0,20.07,0.73,10000.0,208.0,6.7,0.10059
2023-11-30 09:00:00,1701334800,39.0,287.8,20.29,69.0,0.0,1018.0,0.0,0.0,20.39,1.49,10000.0,208.0,7.05,0.99903
2023-11-30 10:00:00,1701338400,29.0,288.08,20.48,69.0,0.0,1017.0,0.0,0.0,20.57,2.21,10000.0,207.0,7.51,3.70117
2023-11-30 11:00:00,1701342000,24.0,288.41,20.64,70.0,0.0,1017.0,0.0,0.0,20.69,2.56,10000.0,208.0,8.16,16.99903
2023-11-30 12:00:00,1701345600,20.0,288.65,20.75,71.0,0.0,1016.0,0.0,0.0,20.76,2.31,10000.0,208.0,8.35,16.89942
2023-11-30 13:00:00,1701349200,0.0,288.74,20.73,71.0,0.0,1016.0,0.0,0.0,20.75,1.64,10000.0,209.0,8.13,17.20020
2023-11-30 14:00:00,1701352800,0.0,288.68,20.71,71.0,0.0,1016.0,0.0,0.0,20.73,0.84,10000.0,209.0,7.92,11.40039
2023-11-30 15:00:00,1701356400,0.0,288.77,20.58,72.0,0.0,1016.0,0.0,0.0,20.59,0.25,10000.0,206.0,7.52,2.00098
2023-12-01 00:00:00,1701388800,0.0,289.18,20.28,77.0,0.0,1016.0,0.0,0.0,20.19,0.0,10000.0,193.0,8.56,0.00000
2023-12-01 01:00:00,1701392400,2.0,289.06,20.35,76.0,0.0,1016.0,0.0,0.0,20.28,0.0,10000.0,191.0,8.52,0.00000
2023-12-01 02:00:00,1701396000,7.0,289.4,20.53,77.0,0.0,1016.0,0.0,0.0,20.42,0.0,10000.0,196.0,8.39,0.00000
2023-12-01 03:00:00,1701399600,27.0,289.17,20.67,75.0,0.0,1016.0,0.0,0.0,20.6,0.0,10000.0,202.0,8.29,0.00000
2023-12-01 04:00:00,1701403200,45.0,289.42,20.76,76.0,0.0,1015.0,0.0,0.0,20.65,0.0,10000.0,198.0,8.24,0.00000
2023-12-01 05:00:00,1701406800,52.0,289.93,20.75,78.0,0.0,1015.0,0.0,0.0,20.6,0.0,10000.0,198.0,8.16,0.00000
2023-12-01 06:00:00,1701410400,47.0,289.88,20.8,77.0,0.0,1015.0,0.0,0.0,20.67,0.0,10000.0,198.0,8.29,0.00000
2023-12-01 07:00:00,1701414000,25.0,289.59,21.03,75.0,0.0,1016.0,0.0,0.0,20.92,0.22,10000.0,201.0,8.62,0.00000
2023-12-01 08:00:00,1701417600,25.0,288.63,21.24,69.0,0.0,1016.0,0.0,0.0,21.26,0.76,10000.0,208.0,8.81,0.10059
2023-12-01 09:00:00,1701421200,45.0,287.56,21.27,64.0,0.0,1016.0,0.0,0.0,21.4,1.52,10000.0,206.0,9.22,0.99903
2023-12-01 10:00:00,1701424800,56.0,287.73,21.19,65.0,0.0,1016.0,0.0,0.0,21.31,2.14,10000.0,204.0,9.2,3.70117
2023-12-01 11:00:00,1701428400,65.0,287.79,21.13,65.0,0.0,1015.0,0.0,0.0,21.25,2.5,10000.0,205.0,9.29,16.99903
2023-12-01 12:00:00,1701432000,70.0,287.77,21.09,65.0,0.0,1014.0,0.0,0.0,21.22,2.33,10000.0,209.0,9.19,16.89942
2023-12-01 13:00:00,1701435600,91.0,287.79,20.94,66.0,0.0,1014.0,0.0,0.0,21.06,1.54,10000.0,209.0,9.25,17.20020
2023-12-01 14:00:00,1701439200,95.0,288.34,20.71,70.0,0.0,1013.0,0.0,0.0,20.75,0.76,10000.0,202.0,9.25,11.40039
2023-12-01 15:00:00,1701442800,97.0,288.46,20.54,71.0,0.0,1014.0,0.0,0.0,20.57,0.24,10000.0,208.0,8.49,2.00098
2023-12-02 00:00:00,1701475200,0.0,287.25,20.04,68.0,0.0,1012.0,0.0,0.0,20.19,0.0,10000.0,200.0,8.94,0.00000
2023-12-02 01:00:00,1701478800,20.0,287.22,20.25,67.0,0.0,1012.0,0.0,0.0,20.4,0.0,10000.0,203.0,9.13,0.00000
2023-12-02 02:00:00,1701482400,40.0,287.21,20.47,66.0,0.0,1012.0,0.0,0.0,20.63,0.0,10000.0,207.0,8.59,0.00000
2023-12-02 03:00:00,1701486000,60.0,287.43,20.72,66.0,0.0,1011.0,0.0,0.0,20.86,0.0,10000.0,211.0,8.52,0.00000
2023-12-02 04:00:00,1701489600,80.0,287.79,20.91,67.0,0.0,1011.0,0.0,0.0,21.0,0.0,10000.0,215.0,8.31,0.00000
2023-12-02 05:00:00,1701493200,100.0,288.63,21.04,70.0,0.0,1011.0,0.0,0.0,21.05,0.0,10000.0,213.0,8.08,0.00000
2023-12-02 06:00:00,1701496800,100.0,288.71,20.97,70.0,0.0,1011.0,0.0,0.0,20.99,0.0,10000.0,217.0,8.14,0.00000
2023-12-02 07:00:00,1701500400,100.0,288.48,20.99,69.0,0.0,1011.0,0.0,0.0,21.03,0.19,10000.0,219.0,7.98,0.00000
2023-12-02 08:00:00,1701504000,97.0,288.18,21.11,67.0,0.0,1011.0,0.0,0.0,21.19,0.71,10000.0,224.0,8.17,0.29981
2023-12-02 09:00:00,1701507600,97.0,287.85,21.22,65.0,0.0,1011.0,0.0,0.0,21.33,1.42,10000.0,225.0,8.51,4.00000
2023-12-02 10:00:00,1701511200,98.0,287.45,21.23,63.0,0.0,1011.0,0.0,0.0,21.39,1.82,10000.0,232.0,8.93,3.29882
2023-12-02 11:00:00,1701514800,98.0,287.41,21.05,64.0,0.0,1011.0,0.0,0.0,21.2,2.06,10000.0,249.0,9.69,2.30176
2023-12-02 12:00:00,1701518400,98.0,287.18,20.65,64.0,0.0,1011.0,0.0,0.0,20.84,1.7,10000.0,258.0,9.24,1.69921
2023-12-02 13:00:00,1701522000,100.0,286.97,20.23,65.0,0.0,1011.0,0.0,0.0,20.43,1.05,10000.0,275.0,8.01,1.70019
2023-12-02 14:00:00,1701525600,100.0,287.58,20.03,69.0,0.0,1011.0,0.0,0.0,20.16,0.61,10000.0,297.0,7.2,1.59960
2023-12-02 15:00:00,1701529200,100.0,287.69,19.85,70.0,0.0,1011.0,0.0,0.0,19.97,0.19,10000.0,313.0,8.54,1.09961
2023-12-03 00:00:00,1701561600,0.0,284.29,15.74,72.0,0.0,1014.0,0.0,0.0,16.19,0.0,10000.0,316.0,9.58,0.00000
2023-12-03 01:00:00,1701565200,20.0,284.23,16.11,70.0,0.0,1014.0,0.0,0.0,16.57,0.0,10000.0,319.0,9.62,0.00000
2023-12-03 02:00:00,1701568800,40.0,284.15,16.47,68.0,0.0,1014.0,0.0,0.0,16.94,0.0,10000.0,319.0,9.6,0.00000
2023-12-03 03:00:00,1701572400,60.0,283.57,16.75,64.0,0.0,1013.0,0.0,0.0,17.29,0.0,10000.0,318.0,9.91,0.00000
2023-12-03 04:00:00,1701576000,80.0,283.15,17.01,61.0,0.0,1013.0,0.0,0.0,17.6,0.0,10000.0,319.0,9.93,0.00000
2023-12-03 05:00:00,1701579600,100.0,283.44,17.31,60.0,0.0,1014.0,0.0,0.0,17.9,0.0,10000.0,318.0,10.39,0.00000
2023-12-03 06:00:00,1701583200,100.0,283.46,17.28,60.0,0.0,1014.0,0.0,0.0,17.87,0.0,10000.0,320.0,10.17,0.00000
2023-12-03 07:00:00,1701586800,100.0,283.25,17.3,60.0,0.0,1015.0,0.0,0.0,17.89,0.19,10000.0,321.0,9.95,0.00000
2023-12-03 08:00:00,1701590400,100.0,282.87,17.33,58.0,0.0,1015.0,0.0,0.0,17.96,0.67,10000.0,322.0,9.8,0.00000
2023-12-03 09:00:00,1701594000,100.0,282.72,17.37,57.0,0.0,1016.0,0.0,0.0,18.02,1.29,10000.0,325.0,9.65,0.10059
2023-12-03 10:00:00,1701597600,100.0,282.62,17.38,57.0,0.0,1016.0,0.0,0.0,18.03,1.94,10000.0,327.0,9.09,0.50000
2023-12-03 11:00:00,1701601200,100.0,282.51,17.36,56.0,0.0,1016.0,0.0,0.0,18.04,1.73,10000.0,326.0,9.06,2.50000
2023-12-03 12:00:00,1701604800,100.0,282.62,17.33,57.0,0.0,1016.0,0.0,0.0,17.99,1.08,10000.0,322.0,9.16,1.50097
2023-12-03 13:00:00,1701608400,100.0,282.93,17.15,59.0,0.0,1016.0,0.0,0.0,17.78,1.23,10000.0,322.0,9.26,1.59960
2023-12-03 14:00:00,1701612000,100.0,283.3,16.94,61.0,0.02,1016.0,0.0,0.0,17.54,0.74,10000.0,325.0,9.57,1.00000
2023-12-03 15:00:00,1701615600,98.0,283.68,16.77,63.0,0.02,1016.0,0.0,0.0,17.34,0.22,10000.0,326.0,9.48,0.00000
2023-12-04 00:00:00,1701648000,20.0,282.26,14.51,67.0,0.0,1019.0,0.0,0.0,15.19,0.0,10000.0,323.0,5.87,0.00000
2023-12-04 01:00:00,1701651600,16.0,282.26,14.74,66.0,0.07,1019.0,0.0,0.0,15.42,0.0,10000.0,337.0,4.34,0.00000
2023-12-04 02:00:00,1701655200,12.0,282.49,15.02,66.0,0.07,1019.0,0.0,0.0,15.67,0.0,10000.0,30.0,2.94,0.00000
2023-12-04 03:00:00,1701658800,9.0,283.19,15.35,68.0,0.03,1019.0,0.0,0.0,15.93,0.0,10000.0,63.0,3.67,0.00000
2023-12-04 04:00:00,1701662400,11.0,283.3,15.71,67.0,0.0,1019.0,0.0,0.0,16.28,0.0,10000.0,66.0,4.66,0.00000
2023-12-04 05:00:00,1701666000,22.0,283.47,16.05,65.0,0.33,1020.0,0.11,0.0,16.63,0.0,10000.0,54.0,5.59,0.00000
2023-12-04 06:00:00,1701669600,35.0,283.43,15.83,66.0,0.23,1021.0,0.15,0.0,16.41,0.0,10000.0,48.0,6.45,0.00000
2023-12-04 07:00:00,1701673200,71.0,283.64,15.86,67.0,0.28,1021.0,0.0,0.0,16.41,0.07,10000.0,48.0,6.41,0.00000
2023-12-04 08:00:00,1701676800,62.0,283.89,16.25,67.0,0.26,1022.0,0.0,0.0,16.77,0.26,10000.0,49.0,5.91,0.09961
2023-12-04 09:00:00,1701680400,46.0,284.1,16.27,67.0,0.19,1022.0,0.0,0.0,16.79,0.63,10000.0,59.0,5.27,0.19922
2023-12-04 10:00:00,1701684000,39.0,284.01,16.2,67.0,0.22,1022.0,0.0,0.0,16.72,0.87,10000.0,65.0,4.31,0.50001
2023-12-04 11:00:00,1701687600,37.0,283.88,16.13,67.0,0.22,1022.0,0.11,0.0,16.66,1.07,10000.0,71.0,3.35,1.10058
2023-12-04 12:00:00,1701691200,42.0,283.92,15.99,68.0,0.24,1021.0,0.19,0.0,16.51,1.03,10000.0,67.0,2.77,0.20020
2023-12-04 13:00:00,1701694800,80.0,283.98,15.95,69.0,0.22,1021.0,0.13,0.0,16.45,0.93,10000.0,91.0,2.25,0.00000
2023-12-04 14:00:00,1701698400,61.0,283.9,15.8,69.0,0.24,1021.0,0.14,0.0,16.31,0.78,10000.0,96.0,0.55,0.00000
2023-12-04 15:00:00,1701702000,71.0,284.03,15.62,70.0,0.24,1021.0,0.26,0.0,16.12,0.22,10000.0,269.0,1.06,0.00000
2023-12-05 00:00:00,1701734400,75.0,280.14,14.28,58.0,0.08,1020.0,0.0,0.0,15.19,0.0,10000.0,251.0,5.24,0.00000
2023-12-05 01:00:00,1701738000,80.0,280.31,14.48,58.0,0.0,1020.0,0.0,0.0,15.37,0.0,10000.0,245.0,5.13,0.00000
2023-12-05 02:00:00,1701741600,85.0,280.54,14.75,58.0,0.0,1020.0,0.0,0.0,15.62,0.0,10000.0,241.0,4.77,0.00000
2023-12-05 03:00:00,1701745200,90.0,281.09,15.13,59.0,0.0,1019.0,0.0,0.0,15.94,0.0,10000.0,234.0,5.09,0.00000
2023-12-05 04:00:00,1701748800,95.0,281.83,15.73,60.0,0.0,1018.0,0.0,0.0,16.46,0.0,10000.0,231.0,5.69,0.00000
2023-12-05 05:00:00,1701752400,100.0,283.28,16.28,64.0,0.29,1018.0,0.1,0.0,16.87,0.0,10000.0,229.0,6.74,0.00000
2023-12-05 06:00:00,1701756000,100.0,283.91,16.25,67.0,0.27,1017.0,0.24,0.0,16.77,0.0,10000.0,228.0,7.48,0.00000
2023-12-05 07:00:00,1701759600,100.0,283.99,16.65,66.0,0.67,1017.0,0.26,0.0,17.16,0.14,10000.0,230.0,7.93,0.09961
2023-12-05 08:00:00,1701763200,100.0,283.56,17.32,61.0,0.73,1017.0,0.16,0.0,17.88,0.33,10000.0,233.0,8.67,0.09961
2023-12-05 09:00:00,1701766800,100.0,283.95,17.56,61.0,0.81,1017.0,0.24,0.0,18.1,1.1,10000.0,243.0,11.11,1.60157
2023-12-05 10:00:00,1701770400,100.0,284.12,17.6,62.0,0.72,1016.0,0.2,0.0,18.11,1.77,10000.0,250.0,11.06,2.89942
2023-12-05 11:00:00,1701774000,99.0,283.99,17.56,62.0,0.72,1015.0,0.11,0.0,18.08,1.33,10000.0,259.0,10.49,3.10156
2023-12-05 12:00:00,1701777600,97.0,283.94,17.36,62.0,0.68,1014.0,0.0,0.0,17.9,1.57,10000.0,260.0,9.76,5.89942
2023-12-05 13:00:00,1701781200,95.0,283.96,17.11,64.0,0.42,1014.0,0.0,0.0,17.62,0.43,10000.0,270.0,9.13,3.50000
2023-12-05 14:00:00,1701784800,60.0,283.78,16.88,64.0,0.31,1014.0,0.0,0.0,17.41,0.39,10000.0,276.0,8.06,1.90039
2023-12-05 15:00:00,1701788400,45.0,283.89,16.87,64.0,0.23,1014.0,0.0,0.0,17.4,0.15,10000.0,276.0,7.97,0.09961
2023-12-06 00:00:00,1701820800,20.0,283.33,14.64,72.0,0.35,1014.0,0.0,0.0,15.19,0.0,10000.0,298.0,10.76,0.00000
2023-12-06 01:00:00,1701824400,16.0,283.33,15.08,70.0,0.0,1014.0,0.0,0.0,15.63,0.0,10000.0,302.0,10.58,0.00000
2023-12-06 02:00:00,1701828000,27.0,283.22,15.39,68.0,0.0,1014.0,0.0,0.0,15.96,0.0,10000.0,304.0,10.25,0.00000
2023-12-06 03:00:00,1701831600,43.0,282.91,15.5,66.0,0.0,1014.0,0.0,0.0,16.11,0.0,10000.0,302.0,10.39,0.00000
2023-12-06 04:00:00,1701835200,58.0,281.83,15.47,61.0,0.0,1014.0,0.0,0.0,16.2,0.0,10000.0,304.0,9.96,0.00000
2023-12-06 05:00:00,1701838800,75.0,281.15,15.5,57.0,0.0,1014.0,0.0,0.0,16.32,0.0,10000.0,306.0,9.29,0.00000
2023-12-06 06:00:00,1701842400,79.0,280.92,15.35,57.0,0.0,1014.0,0.0,0.0,16.19,0.0,10000.0,303.0,9.41,0.00000
2023-12-06 07:00:00,1701846000,100.0,280.92,15.29,57.0,0.0,1015.0,0.0,0.0,16.13,0.16,10000.0,302.0,8.94,0.00000
2023-12-06 08:00:00,1701849600,100.0,281.06,15.29,57.0,0.0,1015.0,0.0,0.0,16.13,0.52,10000.0,305.0,8.69,0.09961
2023-12-06 09:00:00,1701853200,100.0,281.16,15.29,58.0,0.0,1016.0,0.0,0.0,16.11,1.08,10000.0,304.0,8.59,1.49999
2023-12-06 10:00:00,1701856800,100.0,281.23,15.43,58.0,0.0,1016.0,0.0,0.0,16.24,1.41,10000.0,297.0,8.55,5.00097
2023-12-06 11:00:00,1701860400,100.0,281.17,15.46,57.0,0.0,1015.0,0.0,0.0,16.29,1.68,10000.0,298.0,8.2,4.09960
2023-12-06 12:00:00,1701864000,100.0,281.35,15.64,58.0,0.0,1015.0,0.0,0.0,16.43,1.12,10000.0,294.0,8.4,2.89941
2023-12-06 13:00:00,1701867600,100.0,281.29,15.68,57.0,0.0,1014.0,0.0,0.0,16.49,0.71,10000.0,299.0,7.99,2.40038
2023-12-06 14:00:00,1701871200,100.0,281.4,15.72,57.0,0.0,1014.0,0.0,0.0,16.52,0.38,10000.0,298.0,7.9,1.40039
2023-12-06 15:00:00,1701874800,100.0,281.46,15.69,58.0,0.0,1015.0,0.0,0.0,16.47,0.13,10000.0,298.0,7.21,0.10059
2023-12-07 00:00:00,1701907200,20.0,284.4,12.86,88.0,0.74,1016.0,0.0,0.0,13.19,0.0,10000.0,315.0,5.89,0.00000
2023-12-07 01:00:00,1701910800,36.0,284.3,13.09,86.0,0.89,1016.0,0.0,0.0,13.44,0.0,10000.0,322.0,6.58,0.00000
2023-12-07 02:00:00,1701914400,52.0,284.15,13.44,83.0,0.85,1016.0,0.0,0.0,13.83,0.0,10000.0,322.0,5.57,0.00000
2023-12-07 03:00:00,1701918000,68.0,283.59,14.12,76.0,0.85,1016.0,0.0,0.0,14.62,0.0,10000.0,325.0,6.25,0.00000
2023-12-07 04:00:00,1701921600,77.0,282.38,14.88,66.0,0.81,1015.0,0.0,0.0,15.55,0.0,10000.0,326.0,7.97,0.00000
2023-12-07 05:00:00,1701925200,75.0,281.01,15.29,57.0,0.81,1016.0,0.0,0.0,16.13,0.0,10000.0,332.0,9.18,0.00000
2023-12-07 06:00:00,1701928800,63.0,282.17,15.24,62.0,0.77,1016.0,0.0,0.0,15.97,0.0,10000.0,333.0,9.71,0.00000
2023-12-07 07:00:00,1701932400,0.0,282.78,15.48,64.0,0.0,1017.0,0.0,0.0,16.14,0.18,10000.0,331.0,9.53,0.00000
2023-12-07 08:00:00,1701936000,1.0,283.11,15.92,64.0,0.05,1018.0,0.0,0.0,16.54,0.6,10000.0,325.0,8.51,0.09961
2023-12-07 09:00:00,1701939600,6.0,283.57,16.12,66.0,0.1,1018.0,0.0,0.0,16.67,1.19,10000.0,325.0,8.75,1.49999
2023-12-07 10:00:00,1701943200,16.0,283.44,16.01,66.0,0.04,1018.0,0.0,0.0,16.57,1.41,10000.0,328.0,9.31,5.00097
2023-12-07 11:00:00,1701946800,19.0,282.73,15.74,63.0,0.0,1017.0,0.0,0.0,16.4,1.61,10000.0,324.0,9.4,4.09960
2023-12-07 12:00:00,1701950400,22.0,282.07,15.6,61.0,0.0,1017.0,0.0,0.0,16.32,1.73,10000.0,316.0,9.6,2.89941
2023-12-07 13:00:00,1701954000,14.0,281.46,15.49,59.0,0.0,1017.0,0.0,0.0,16.27,1.34,10000.0,309.0,10.63,2.40038
2023-12-07 14:00:00,1701957600,7.0,281.36,15.14,59.0,0.0,1017.0,0.0,0.0,15.95,0.7,10000.0,308.0,9.56,1.40039
2023-12-07 15:00:00,1701961200,6.0,281.67,15.33,60.0,0.0,1017.0,0.0,0.0,16.1,0.21,10000.0,316.0,9.5,0.10059
2023-12-08 00:00:00,1701993600,75.0,280.14,14.28,58.0,0.0,1020.0,0.0,0.0,15.19,0.0,10000.0,333.0,5.9,0.00000
2023-12-08 01:00:00,1701997200,66.0,280.41,14.33,59.0,0.0,1020.0,0.0,0.0,15.21,0.0,10000.0,323.0,5.83,0.00000
2023-12-08 02:00:00,1702000800,52.0,280.41,14.33,59.0,0.0,1020.0,0.0,0.0,15.21,0.0,10000.0,319.0,5.59,0.00000
2023-12-08 03:00:00,1702004400,38.0,280.4,14.32,59.0,0.0,1019.0,0.0,0.0,15.2,0.0,10000.0,325.0,5.79,0.00000
2023-12-08 04:00:00,1702008000,23.0,280.32,14.22,59.0,0.0,1019.0,0.0,0.0,15.11,0.0,10000.0,331.0,5.67,0.00000
2023-12-08 05:00:00,1702011600,11.0,280.31,14.1,59.0,0.0,1019.0,0.0,0.0,15.0,0.0,10000.0,320.0,4.98,0.00000
2023-12-08 06:00:00,1702015200,11.0,280.25,14.11,58.0,0.0,1019.0,0.0,0.0,15.04,0.0,10000.0,311.0,4.52,0.00000
2023-12-08 07:00:00,1702018800,8.0,280.2,14.22,58.0,0.0,1019.0,0.0,0.0,15.14,0.19,10000.0,313.0,4.1,0.00000
2023-12-08 08:00:00,1702022400,10.0,280.28,14.49,57.0,0.0,1019.0,0.0,0.0,15.41,0.67,10000.0,305.0,4.21,0.09961
2023-12-08 09:00:00,1702026000,17.0,280.43,14.74,57.0,0.0,1019.0,0.0,0.0,15.63,1.38,10000.0,294.0,4.27,1.49999
2023-12-08 10:00:00,1702029600,38.0,280.69,14.9,57.0,0.0,1018.0,0.0,0.0,15.78,1.89,10000.0,288.0,4.2,5.00097
2023-12-08 11:00:00,1702033200,50.0,281.05,15.05,58.0,0.0,1017.0,0.0,0.0,15.89,2.0,10000.0,278.0,4.38,4.09960
2023-12-08 12:00:00,1702036800,59.0,281.36,15.24,59.0,0.0,1016.0,0.0,0.0,16.04,1.79,10000.0,270.0,4.47,2.89941
2023-12-08 13:00:00,1702040400,100.0,281.34,15.34,59.0,0.0,1015.0,0.0,0.0,16.13,1.34,10000.0,262.0,4.09,2.40038
2023-12-08 14:00:00,1702044000,100.0,281.51,15.42,59.0,0.0,1014.0,0.0,0.0,16.2,0.66,10000.0,251.0,3.89,1.40039
2023-12-08 15:00:00,1702047600,100.0,281.97,15.51,61.0,0.0,1014.0,0.0,0.0,16.24,0.19,10000.0,233.0,3.39,0.10059
2023-12-09 00:00:00,1702080000,40.0,283.33,14.64,72.0,0.8,1006.0,0.0,0.0,15.19,0.0,10000.0,161.0,11.07,0.00000
2023-12-09 01:00:00,1702083600,52.0,283.8,14.76,74.0,0.87,1006.0,0.0,0.0,15.25,0.0,7802.0,182.0,8.51,0.00000
2023-12-09 02:00:00,1702087200,64.0,283.8,14.97,73.0,0.8,1005.0,0.0,0.0,15.46,0.0,10000.0,202.0,7.54,0.00000
2023-12-09 03:00:00,1702090800,75.0,284.25,15.07,75.0,1.0,1004.0,0.7,0.0,15.51,0.0,10000.0,182.0,6.47,0.00000
2023-12-09 04:00:00,1702094400,81.0,284.63,15.3,76.0,1.0,1003.0,0.3,0.0,15.69,0.0,10000.0,158.0,4.16,0.00000
2023-12-09 05:00:00,1702098000,80.0,285.06,15.5,76.0,1.0,1003.0,0.18,0.0,15.87,0.0,10000.0,144.0,4.87,0.00000
2023-12-09 06:00:00,1702101600,77.0,285.04,15.65,76.0,1.0,1003.0,0.52,0.0,16.01,0.0,10000.0,136.0,6.95,0.00000
2023-12-09 07:00:00,1702105200,81.0,285.31,15.69,77.0,0.91,1004.0,0.64,0.0,16.02,0.1,10000.0,106.0,9.16,0.00000
2023-12-09 08:00:00,1702108800,82.0,285.36,15.91,76.0,0.93,1005.0,0.42,0.0,16.25,0.42,10000.0,93.0,10.22,0.09961
2023-12-09 09:00:00,1702112400,69.0,285.34,16.2,75.0,0.91,1007.0,0.56,0.0,16.53,0.85,10000.0,87.0,12.41,1.49999
2023-12-09 10:00:00,1702116000,66.0,285.73,16.08,77.0,0.91,1008.0,0.54,0.0,16.38,1.54,10000.0,71.0,12.99,5.00097
2023-12-09 11:00:00,1702119600,73.0,286.07,16.02,80.0,0.91,1008.0,0.58,0.0,16.25,1.78,10000.0,64.0,15.21,4.09960
2023-12-09 12:00:00,1702123200,72.0,286.37,16.13,81.0,1.0,1008.0,0.23,0.0,16.33,1.4,10000.0,66.0,14.71,2.89941
2023-12-09 13:00:00,1702126800,48.0,286.29,16.03,81.0,0.93,1009.0,0.33,0.0,16.24,0.6,10000.0,64.0,14.29,2.40038
2023-12-09 14:00:00,1702130400,55.0,286.14,16.13,79.0,0.9,1010.0,0.4,0.0,16.37,0.34,10000.0,60.0,14.09,1.40039
2023-12-09 15:00:00,1702134000,68.0,285.76,15.98,78.0,0.88,1012.0,0.59,0.0,16.26,0.09,10000.0,55.0,14.99,0.10059
2023-12-10 00:00:00,1702166400,40.0,283.33,14.64,72.0,0.0,1018.0,0.0,0.0,15.19,0.0,10000.0,32.0,6.75,0.00000
2023-12-10 01:00:00,1702170000,33.0,283.02,14.71,70.0,0.0,1018.0,0.0,0.0,15.3,0.0,10000.0,32.0,6.54,0.00000
2023-12-10 02:00:00,1702173600,26.0,283.06,14.76,70.0,0.0,1018.0,0.0,0.0,15.34,0.0,10000.0,30.0,5.81,0.00000
2023-12-10 03:00:00,1702177200,18.0,282.82,14.71,69.0,0.0,1018.0,0.0,0.0,15.32,0.0,10000.0,17.0,4.7,0.00000
2023-12-10 04:00:00,1702180800,10.0,282.55,14.62,68.0,0.0,1018.0,0.0,0.0,15.26,0.0,10000.0,350.0,4.44,0.00000
2023-12-10 05:00:00,1702184400,2.0,282.41,14.47,67.0,0.0,1018.0,0.0,0.0,15.15,0.0,10000.0,338.0,4.29,0.00000
2023-12-10 06:00:00,1702188000,9.0,282.5,14.49,68.0,0.0,1018.0,0.0,0.0,15.14,0.0,10000.0,328.0,4.09,0.00000
2023-12-10 07:00:00,1702191600,10.0,283.09,14.79,69.0,0.0,1019.0,0.0,0.0,15.39,0.17,10000.0,318.0,5.08,0.00000
2023-12-10 08:00:00,1702195200,13.0,283.34,15.29,68.0,0.0,1019.0,0.0,0.0,15.87,0.52,10000.0,314.0,5.69,0.09961
2023-12-10 09:00:00,1702198800,26.0,283.46,15.84,66.0,0.0,1019.0,0.0,0.0,16.42,0.45,10000.0,310.0,6.5,1.49999
2023-12-10 10:00:00,1702202400,45.0,284.07,16.15,68.0,0.0,1019.0,0.0,0.0,16.65,0.66,10000.0,303.0,7.25,5.00097
2023-12-10 11:00:00,1702206000,54.0,284.66,16.66,69.0,0.0,1018.0,0.0,0.0,17.09,2.11,10000.0,297.0,7.98,4.09960
2023-12-10 12:00:00,1702209600,47.0,285.23,17.09,70.0,0.0,1017.0,0.0,0.0,17.46,0.95,10000.0,297.0,8.86,2.89941
2023-12-10 13:00:00,1702213200,94.0,286.27,17.38,74.0,0.23,1016.0,0.0,0.0,17.63,1.28,10000.0,302.0,11.02,2.40038
2023-12-10 14:00:00,1702216800,96.0,286.11,17.53,72.0,0.32,1016.0,0.0,0.0,17.81,0.69,10000.0,303.0,11.68,1.40039
2023-12-10 15:00:00,1702220400,95.0,285.9,17.59,71.0,0.19,1016.0,0.0,0.0,17.89,0.21,10000.0,304.0,11.97,0.10059
2023-12-11 00:00:00,1702252800,0.0,284.34,14.78,77.0,0.0,1017.0,0.0,0.0,15.19,0.0,10000.0,322.0,12.12,0.00000
2023-12-11 01:00:00,1702256400,0.0,284.06,15.26,73.0,0.0,1017.0,0.0,0.0,15.73,0.0,10000.0,327.0,11.51,0.00000
2023-12-11 02:00:00,1702260000,0.0,283.7,15.72,69.0,0.0,1017.0,0.0,0.0,16.24,0.0,10000.0,327.0,10.86,0.00000
2023-12-11 03:00:00,1702263600,0.0,283.26,16.13,65.0,0.0,1017.0,0.0,0.0,16.71,0.0,10000.0,324.0,10.35,0.00000
2023-12-11 04:00:00,1702267200,0.0,282.78,16.58,61.0,0.0,1017.0,0.0,0.0,17.21,0.0,10000.0,323.0,10.42,0.00000
2023-12-11 05:00:00,1702270800,0.0,282.34,16.95,57.0,0.0,1018.0,0.0,0.0,17.64,0.0,10000.0,329.0,9.45,0.00000
2023-12-11 06:00:00,1702274400,0.0,282.42,16.81,58.0,0.0,1018.0,0.0,0.0,17.49,0.0,10000.0,337.0,8.23,0.00000
2023-12-11 07:00:00,1702278000,0.0,282.42,16.74,58.0,0.0,1019.0,0.0,0.0,17.43,0.19,10000.0,347.0,7.68,0.00000
2023-12-11 08:00:00,1702281600,0.0,282.48,16.68,59.0,0.0,1020.0,0.0,0.0,17.35,0.67,10000.0,358.0,7.22,0.09961
2023-12-11 09:00:00,1702285200,0.0,282.35,16.25,59.0,0.0,1021.0,0.0,0.0,16.96,1.41,10000.0,3.0,5.69,1.49999
2023-12-11 10:00:00,1702288800,0.0,281.89,16.0,58.0,0.0,1021.0,0.0,0.0,16.75,2.09,10000.0,9.0,3.5,5.00097
2023-12-11 11:00:00,1702292400,0.0,281.54,16.06,57.0,0.0,1021.0,0.0,0.0,16.83,2.4,10000.0,8.0,1.95,4.09960
2023-12-11 12:00:00,1702296000,0.0,281.4,16.16,56.0,0.0,1020.0,0.0,0.0,16.95,2.18,10000.0,352.0,1.24,2.89941
2023-12-11 13:00:00,1702299600,4.0,281.49,16.27,56.0,0.0,1020.0,0.0,0.0,17.05,1.52,10000.0,313.0,1.71,2.40038
2023-12-11 14:00:00,1702303200,8.0,281.89,16.32,57.0,0.0,1020.0,0.0,0.0,17.07,0.77,10000.0,306.0,2.64,1.40039
2023-12-11 15:00:00,1702306800,10.0,282.65,16.45,60.0,0.0,1020.0,0.0,0.0,17.12,0.23,10000.0,304.0,3.97,0.10059
2023-12-13 00:00:00,1702425600,20.0,290.36,18.52,94.0,0.0,1017.0,0.0,0.0,18.19,0.0,10000.0,251.0,5.55,0.00000
2023-12-13 01:00:00,1702429200,31.0,289.98,18.58,91.0,0.0,1017.0,0.0,0.0,18.32,0.0,10000.0,246.0,5.86,0.00000
2023-12-13 02:00:00,1702432800,36.0,289.61,18.68,88.0,0.0,1017.0,0.0,0.0,18.48,0.0,10000.0,244.0,5.77,0.00000
2023-12-13 03:00:00,1702436400,34.0,289.22,18.78,85.0,0.0,1016.0,0.0,0.0,18.64,0.0,10000.0,244.0,6.43,0.00000
2023-12-13 04:00:00,1702440000,33.0,288.89,18.77,83.0,0.0,1015.0,0.0,0.0,18.68,0.0,10000.0,241.0,6.3,0.00000
2023-12-13 05:00:00,1702443600,30.0,288.98,18.85,82.0,0.0,1015.0,0.0,0.0,18.78,0.0,10000.0,241.0,6.67,0.00000
2023-12-13 06:00:00,1702447200,33.0,288.94,18.83,82.0,0.0,1015.0,0.0,0.0,18.76,0.0,10000.0,237.0,6.81,0.00000
2023-12-13 07:00:00,1702450800,89.0,288.87,18.96,81.0,0.0,1015.0,0.0,0.0,18.9,0.2,10000.0,237.0,7.11,0.00000
2023-12-13 08:00:00,1702454400,94.0,288.69,19.21,79.0,0.0,1015.0,0.0,0.0,19.17,0.71,10000.0,236.0,7.56,0.00000
2023-12-13 09:00:00,1702458000,96.0,288.48,19.36,76.0,0.0,1015.0,0.0,0.0,19.38,1.42,10000.0,234.0,8.15,1.49999
2023-12-13 10:00:00,1702461600,97.0,288.16,19.47,74.0,0.0,1014.0,0.0,0.0,19.53,2.09,10000.0,234.0,8.97,1.79980
2023-12-13 11:00:00,1702465200,98.0,287.91,19.5,73.0,0.0,1014.0,0.0,0.0,19.58,2.24,10000.0,235.0,9.21,1.69970
2023-12-13 12:00:00,1702468800,98.0,287.8,19.53,72.0,0.0,1013.0,0.0,0.0,19.63,2.14,10000.0,236.0,9.15,1.79980
2023-12-13 13:00:00,1702472400,100.0,287.69,19.46,72.0,0.0,1012.0,0.0,0.0,19.57,1.5,10000.0,236.0,9.05,3.20019
2023-12-13 14:00:00,1702476000,100.0,287.74,19.41,73.0,0.0,1012.0,0.0,0.0,19.5,0.72,10000.0,236.0,8.82,3.00000
2023-12-13 15:00:00,1702479600,100.0,287.76,19.25,73.0,0.0,1012.0,0.0,0.0,19.35,0.22,10000.0,239.0,8.84,0.79981
2023-12-14 00:00:00,1702512000,0.0,289.32,18.36,88.0,0.0,1012.0,0.0,0.0,18.19,0.0,10000.0,260.0,6.08,0.00000
2023-12-14 01:00:00,1702515600,20.0,289.04,18.4,86.0,0.0,1012.0,0.0,0.0,18.27,0.0,10000.0,265.0,5.37,0.00000
2023-12-14 02:00:00,1702519200,40.0,288.71,18.39,84.0,0.0,1012.0,0.0,0.0,18.31,0.0,10000.0,270.0,4.87,0.00000
2023-12-14 03:00:00,1702522800,58.0,288.48,18.31,83.0,0.0,1011.0,0.0,0.0,18.26,0.0,10000.0,271.0,4.36,0.00000
2023-12-14 04:00:00,1702526400,59.0,288.0,18.15,81.0,0.0,1011.0,0.0,0.0,18.16,0.0,10000.0,274.0,4.34,0.00000
2023-12-14 05:00:00,1702530000,59.0,287.98,18.02,80.0,0.0,1011.0,0.0,0.0,18.07,0.0,10000.0,270.0,3.9,0.00000
2023-12-14 06:00:00,1702533600,49.0,288.04,18.0,81.0,0.0,1011.0,0.0,0.0,18.03,0.0,10000.0,282.0,4.64,0.00000
2023-12-14 07:00:00,1702537200,0.0,287.99,17.99,81.0,0.0,1012.0,0.0,0.0,18.02,0.2,10000.0,298.0,5.22,0.00000
2023-12-14 08:00:00,1702540800,0.0,287.83,18.08,79.0,0.0,1012.0,0.0,0.0,18.15,0.72,10000.0,299.0,4.89,0.09961
2023-12-14 09:00:00,1702544400,3.0,287.57,18.15,77.0,0.0,1012.0,0.0,0.0,18.26,1.47,10000.0,306.0,5.92,2.40039
2023-12-14 10:00:00,1702548000,6.0,287.4,18.12,77.0,0.0,1012.0,0.0,0.0,18.23,2.25,10000.0,309.0,6.69,9.80030
2023-12-14 11:00:00,1702551600,7.0,287.36,17.97,77.0,0.0,1012.0,0.0,0.0,18.09,2.59,10000.0,309.0,7.63,6.50000
2023-12-14 12:00:00,1702555200,8.0,287.12,17.72,77.0,0.0,1011.0,0.0,0.0,17.87,2.26,10000.0,308.0,8.1,5.69971
2023-12-14 13:00:00,1702558800,63.0,286.37,17.27,75.0,0.0,1011.0,0.0,0.0,17.51,1.37,10000.0,313.0,8.97,3.40040
2023-12-14 14:00:00,1702562400,81.0,285.52,16.68,73.0,0.0,1012.0,0.0,0.0,17.02,0.7,10000.0,312.0,9.43,3.00000
2023-12-14 15:00:00,1702566000,86.0,284.58,16.43,69.0,0.0,1012.0,0.0,0.0,16.88,0.22,10000.0,312.0,9.96,0.39990
2023-12-15 00:00:00,1702598400,20.0,285.29,14.91,82.0,0.03,1014.0,0.0,0.0,15.19,0.0,10000.0,296.0,9.11,0.00000
2023-12-15 01:00:00,1702602000,36.0,284.95,15.08,79.0,0.25,1014.0,0.0,0.0,15.42,0.0,10000.0,300.0,8.83,0.10010
2023-12-15 02:00:00,1702605600,52.0,284.51,15.17,76.0,0.27,1014.0,0.0,0.0,15.57,0.0,10000.0,306.0,8.77,0.00000
2023-12-15 03:00:00,1702609200,68.0,283.69,15.27,71.0,0.29,1014.0,0.0,0.0,15.78,0.0,10000.0,304.0,8.95,0.00000
2023-12-15 04:00:00,1702612800,70.0,283.29,15.02,70.0,0.39,1014.0,0.13,0.0,15.58,0.0,10000.0,310.0,9.46,0.00000
2023-12-15 05:00:00,1702616400,83.0,282.76,14.83,67.0,0.56,1015.0,0.2,0.0,15.48,0.0,10000.0,311.0,9.28,0.00000
2023-12-15 06:00:00,1702620000,73.0,281.97,14.81,63.0,0.55,1015.0,0.0,0.0,15.55,0.0,10000.0,306.0,7.99,0.00000
2023-12-15 07:00:00,1702623600,3.0,281.33,14.95,60.0,0.0,1015.0,0.0,0.0,15.75,0.18,10000.0,301.0,7.49,0.00000
2023-12-15 08:00:00,1702627200,2.0,281.35,15.14,59.0,0.0,1016.0,0.0,0.0,15.95,0.63,10000.0,291.0,7.57,0.10010
2023-12-15 09:00:00,1702630800,2.0,281.38,15.05,60.0,0.31,1016.0,0.13,0.0,15.84,1.19,10000.0,287.0,7.06,0.79981
2023-12-15 10:00:00,1702634400,3.0,281.17,15.01,59.0,0.2,1016.0,0.0,0.0,15.83,1.91,10000.0,287.0,6.58,3.10009
2023-12-15 11:00:00,1702638000,12.0,281.72,14.72,63.0,0.25,1015.0,0.13,0.0,15.47,2.18,10000.0,283.0,6.67,2.20020
2023-12-15 12:00:00,1702641600,14.0,282.12,14.51,65.0,0.25,1015.0,0.0,0.0,15.23,1.83,10000.0,283.0,5.49,2.99951
2023-12-15 13:00:00,1702645200,3.0,282.07,14.46,65.0,0.46,1015.0,0.12,0.0,15.19,1.16,10000.0,302.0,4.84,1.49999
2023-12-15 14:00:00,1702648800,3.0,281.71,14.47,64.0,0.53,1015.0,0.35,0.0,15.22,0.65,10000.0,322.0,5.22,1.89990
2023-12-15 15:00:00,1702652400,3.0,281.35,14.64,61.0,0.46,1015.0,0.16,0.0,15.45,0.2,10000.0,332.0,5.28,0.69971
2023-12-16 00:00:00,1702684800,40.0,282.36,11.61,82.0,0.8,1018.0,0.0,0.0,12.19,0.0,10000.0,32.0,2.45,0.00000
2023-12-16 01:00:00,1702688400,46.0,282.09,11.85,79.0,0.7,1018.0,0.0,0.0,12.48,0.0,10000.0,19.0,1.73,0.00000
2023-12-16 02:00:00,1702692000,48.0,282.17,12.12,78.0,0.7,1018.0,0.0,0.0,12.75,0.0,10000.0,352.0,2.36,0.00000
2023-12-16 03:00:00,1702695600,42.0,281.94,12.45,75.0,0.9,1019.0,0.6,0.0,13.12,0.0,10000.0,349.0,3.18,0.00000
2023-12-16 04:00:00,1702699200,38.0,281.38,13.05,69.0,0.88,1019.0,0.31,0.0,13.81,0.0,10000.0,0.0,4.86,0.00000
2023-12-16 05:00:00,1702702800,31.0,280.64,13.72,62.0,0.88,1020.0,0.15,0.0,14.59,0.0,10000.0,360.0,6.11,0.00000
2023-12-16 06:00:00,1702706400,28.0,280.0,13.92,58.0,0.84,1020.0,0.0,0.0,14.86,0.0,10000.0,360.0,6.73,0.00000
2023-12-16 07:00:00,1702710000,3.0,279.91,13.92,58.0,0.19,1021.0,0.0,0.0,14.86,0.17,10000.0,357.0,7.5,0.00000
2023-12-16 08:00:00,1702713600,2.0,280.21,13.8,59.0,0.15,1021.0,0.0,0.0,14.73,0.58,10000.0,358.0,7.47,0.09961
2023-12-16 09:00:00,1702717200,3.0,280.52,13.74,61.0,0.14,1022.0,0.0,0.0,14.63,1.2,10000.0,1.0,5.82,2.90040
2023-12-16 10:00:00,1702720800,3.0,280.63,13.85,61.0,0.18,1022.0,0.0,0.0,14.73,1.81,10000.0,23.0,4.21,7.50001
2023-12-16 11:00:00,1702724400,4.0,280.46,13.91,60.0,0.38,1022.0,0.12,0.0,14.81,2.08,10000.0,48.0,4.38,6.50000
2023-12-16 12:00:00,1702728000,4.0,280.51,13.84,60.0,0.36,1022.0,0.13,0.0,14.74,1.88,10000.0,61.0,4.78,13.20020
2023-12-16 13:00:00,1702731600,17.0,280.76,13.69,62.0,0.32,1022.0,0.17,0.0,14.56,1.31,10000.0,64.0,5.15,8.30030
2023-12-16 14:00:00,1702735200,28.0,280.94,13.63,63.0,0.29,1022.0,0.23,0.0,14.48,0.66,10000.0,63.0,5.56,4.99999
2023-12-16 15:00:00,1702738800,23.0,281.12,13.56,65.0,0.45,1022.0,0.37,0.0,14.37,0.2,10000.0,60.0,6.32,1.00000
2023-12-17 00:00:00,1702771200,20.0,281.31,13.41,67.0,0.43,1026.0,0.0,0.0,14.19,0.0,10000.0,74.0,8.19,0.00000
2023-12-17 01:00:00,1702774800,23.0,281.55,13.46,68.0,0.87,1026.0,0.0,0.0,14.21,0.0,10000.0,70.0,8.94,0.00000
2023-12-17 02:00:00,1702778400,31.0,281.3,13.63,66.0,0.78,1027.0,0.0,0.0,14.41,0.0,10000.0,71.0,9.74,0.00000
2023-12-17 03:00:00,1702782000,41.0,281.23,13.79,65.0,0.71,1027.0,0.0,0.0,14.58,0.0,10000.0,68.0,10.73,0.00000
2023-12-17 04:00:00,1702785600,57.0,281.11,13.89,64.0,0.64,1028.0,0.0,0.0,14.69,0.0,10000.0,66.0,10.23,0.00000
2023-12-17 05:00:00,1702789200,72.0,281.84,14.22,65.0,0.47,1028.0,0.0,0.0,14.97,0.0,10000.0,63.0,11.12,0.00000
2023-12-17 06:00:00,1702792800,77.0,282.66,14.36,69.0,0.47,1028.0,0.0,0.0,15.0,0.0,10000.0,56.0,12.02,0.00000
2023-12-17 07:00:00,1702796400,93.0,283.73,14.65,73.0,0.1,1029.0,0.0,0.0,15.17,0.1,10000.0,51.0,13.84,0.00000
2023-12-17 08:00:00,1702800000,96.0,283.91,14.96,73.0,0.55,1029.0,0.19,0.0,15.45,0.31,10000.0,53.0,14.37,0.00000
2023-12-17 09:00:00,1702803600,98.0,284.55,15.21,75.0,0.7,1029.0,0.24,0.0,15.63,0.5,10000.0,53.0,15.0,0.29981
2023-12-17 10:00:00,1702807200,97.0,284.63,15.59,74.0,0.82,1029.0,0.6,0.0,16.0,0.97,10000.0,61.0,13.8,1.10010
2023-12-17 11:00:00,1702810800,98.0,284.7,15.77,73.0,0.82,1029.0,0.34,0.0,16.19,0.81,10000.0,63.0,13.77,1.30028
2023-12-17 12:00:00,1702814400,98.0,284.9,15.81,74.0,0.82,1028.0,0.44,0.0,16.2,0.67,10000.0,64.0,13.31,1.89990
2023-12-17 13:00:00,1702818000,100.0,284.87,16.24,72.0,0.67,1028.0,0.34,0.0,16.64,0.52,10000.0,74.0,11.09,1.40038
2023-12-17 14:00:00,1702821600,100.0,283.98,16.47,66.0,0.66,1028.0,0.24,0.0,16.99,0.31,10000.0,105.0,9.16,0.89990
2023-12-17 15:00:00,1702825200,100.0,283.34,16.4,63.0,0.59,1028.0,0.0,0.0,17.0,0.1,10000.0,105.0,9.48,0.00000
2023-12-18 00:00:00,1702857600,40.0,287.38,15.22,94.0,0.83,1028.0,0.0,0.0,15.19,0.0,10000.0,111.0,11.97,0.00000
2023-12-18 01:00:00,1702861200,52.0,287.1,15.54,90.0,0.8,1028.0,0.0,0.0,15.58,0.0,10000.0,107.0,12.22,0.00000
2023-12-18 02:00:00,1702864800,64.0,286.79,15.54,88.0,0.8,1028.0,0.0,0.0,15.62,0.0,10000.0,111.0,13.29,0.00000
2023-12-18 03:00:00,1702868400,75.0,286.22,15.77,83.0,1.0,1028.0,1.46,0.0,15.95,0.0,10000.0,101.0,11.34,0.00000
2023-12-18 04:00:00,1702872000,87.0,285.66,16.08,78.0,1.0,1028.0,0.83,0.0,16.35,0.0,10000.0,99.0,12.76,0.00000
2023-12-18 05:00:00,1702875600,99.0,285.39,16.08,75.0,1.0,1028.0,1.03,0.0,16.42,0.0,8213.0,106.0,13.13,0.00000
2023-12-18 06:00:00,1702879200,100.0,285.56,15.77,78.0,1.0,1029.0,1.27,0.0,16.07,0.0,10000.0,100.0,11.5,0.00000
2023-12-18 07:00:00,1702882800,100.0,285.49,15.66,78.0,0.96,1029.0,1.26,0.0,15.97,0.14,7948.0,103.0,12.23,0.00000
2023-12-18 08:00:00,1702886400,100.0,285.48,15.64,78.0,0.93,1029.0,1.89,0.0,15.95,0.15,6997.0,102.0,11.17,0.19922
2023-12-18 09:00:00,1702890000,100.0,285.4,15.89,76.0,0.9,1030.0,1.69,0.0,16.23,0.44,9697.0,105.0,11.33,0.20020
2023-12-18 10:00:00,1702893600,100.0,285.34,15.9,76.0,0.9,1029.0,1.36,0.0,16.24,1.03,9546.0,100.0,10.57,1.00000
2023-12-18 11:00:00,1702897200,100.0,285.17,16.18,74.0,0.9,1029.0,0.83,0.0,16.54,1.58,10000.0,96.0,11.12,1.60010
2023-12-18 12:00:00,1702900800,100.0,285.08,16.15,74.0,0.88,1029.0,0.52,0.0,16.51,0.99,10000.0,92.0,10.91,1.49950
2023-12-18 13:00:00,1702904400,100.0,284.98,16.01,74.0,0.52,1028.0,0.27,0.0,16.38,0.88,10000.0,87.0,10.92,1.39990
2023-12-18 14:00:00,1702908000,100.0,284.77,15.97,73.0,0.48,1028.0,0.16,0.0,16.37,0.25,10000.0,84.0,11.2,0.60010
2023-12-18 15:00:00,1702911600,97.0,284.58,15.89,72.0,0.52,1028.0,0.0,0.0,16.32,0.13,10000.0,82.0,10.67,0.10010
2023-12-19 00:00:00,1702944000,40.0,282.26,14.51,67.0,0.0,1026.0,0.0,0.0,15.19,0.0,10000.0,76.0,9.61,0.00000
2023-12-19 01:00:00,1702947600,52.0,282.54,14.61,68.0,0.0,1026.0,0.0,0.0,15.25,0.0,10000.0,80.0,9.13,0.00000
2023-12-19 02:00:00,1702951200,64.0,282.35,14.61,67.0,0.0,1026.0,0.0,0.0,15.28,0.0,10000.0,82.0,8.44,0.00000
2023-12-19 03:00:00,1702954800,75.0,282.76,14.64,69.0,0.0,1025.0,0.0,0.0,15.26,0.0,10000.0,79.0,8.66,0.00000
2023-12-19 04:00:00,1702958400,88.0,282.97,14.87,69.0,0.0,1025.0,0.0,0.0,15.47,0.0,10000.0,80.0,8.93,0.00000
2023-12-19 05:00:00,1702962000,100.0,283.69,15.01,71.0,0.0,1025.0,0.0,0.0,15.55,0.0,10000.0,85.0,8.67,0.00000
2023-12-19 06:00:00,1702965600,100.0,283.33,15.03,69.0,0.0,1024.0,0.0,0.0,15.61,0.0,10000.0,90.0,8.34,0.00000
2023-12-19 07:00:00,1702969200,100.0,282.74,15.14,66.0,0.0,1024.0,0.0,0.0,15.78,0.15,10000.0,95.0,8.53,0.09961
2023-12-19 08:00:00,1702972800,100.0,283.21,15.33,67.0,0.0,1024.0,0.0,0.0,15.93,0.48,10000.0,96.0,8.06,0.00000
2023-12-19 09:00:00,1702976400,100.0,283.68,15.34,70.0,0.0,1025.0,0.0,0.0,15.87,0.81,10000.0,96.0,8.14,0.00000
2023-12-19 10:00:00,1702980000,100.0,283.47,15.43,68.0,0.0,1024.0,0.0,0.0,16.0,1.34,10000.0,97.0,7.82,0.50000
2023-12-19 11:00:00,1702983600,100.0,283.45,15.48,68.0,0.0,1023.0,0.0,0.0,16.04,1.73,10000.0,92.0,7.93,0.89990
2023-12-19 12:00:00,1702987200,100.0,283.69,15.37,69.0,0.02,1022.0,0.0,0.0,15.92,1.49,10000.0,85.0,8.5,2.60010
2023-12-19 13:00:00,1702990800,100.0,283.76,15.32,70.0,0.24,1021.0,0.0,0.0,15.85,1.06,10000.0,84.0,8.56,2.00000
2023-12-19 14:00:00,1702994400,100.0,283.75,15.37,70.0,0.3,1021.0,0.0,0.0,15.9,0.47,10000.0,84.0,8.19,1.50000
2023-12-19 15:00:00,1702998000,100.0,283.77,15.35,70.0,0.34,1021.0,0.0,0.0,15.88,0.11,10000.0,88.0,8.6,0.19971
2023-12-20 00:00:00,1703030400,40.0,284.34,14.78,77.0,0.6,1017.0,0.0,0.0,15.19,0.0,10000.0,89.0,6.71,0.00000
2023-12-20 01:00:00,1703034000,52.0,284.22,14.84,76.0,0.65,1017.0,0.0,0.0,15.27,0.0,10000.0,86.0,6.38,0.00000
2023-12-20 02:00:00,1703037600,64.0,283.96,14.74,75.0,0.71,1016.0,0.0,0.0,15.21,0.0,10000.0,77.0,5.74,0.00000
2023-12-20 03:00:00,1703041200,76.0,283.9,14.67,75.0,0.77,1015.0,0.28,0.0,15.14,0.0,10000.0,65.0,5.86,0.00000
2023-12-20 04:00:00,1703044800,88.0,283.99,14.57,76.0,0.79,1014.0,0.22,0.0,15.03,0.0,10000.0,60.0,7.65,0.00000
2023-12-20 05:00:00,1703048400,100.0,284.56,14.43,79.0,0.79,1013.0,0.13,0.0,14.83,0.0,10000.0,61.0,8.88,0.00000
2023-12-20 06:00:00,1703052000,100.0,284.32,14.49,78.0,0.87,1013.0,0.0,0.0,14.91,0.0,10000.0,57.0,8.65,0.00000
2023-12-20 07:00:00,1703055600,100.0,284.13,14.53,76.0,0.59,1013.0,0.52,0.0,14.99,0.15,10000.0,47.0,8.34,0.09961
2023-12-20 08:00:00,1703059200,100.0,284.03,14.85,74.0,0.69,1012.0,0.55,0.0,15.33,0.51,10000.0,40.0,8.57,0.09961
2023-12-20 09:00:00,1703062800,100.0,284.01,14.93,73.0,0.68,1013.0,0.41,0.0,15.43,0.97,10000.0,38.0,8.89,1.30030
2023-12-20 10:00:00,1703066400,100.0,283.99,14.98,73.0,0.64,1012.0,0.46,0.0,15.47,1.44,10000.0,35.0,8.73,3.10011
2023-12-20 11:00:00,1703070000,100.0,283.91,14.95,73.0,0.64,1011.0,0.44,0.0,15.44,1.78,10000.0,27.0,8.39,4.29981
2023-12-20 12:00:00,1703073600,100.0,283.65,14.94,71.0,0.64,1010.0,0.43,0.0,15.48,1.75,10000.0,18.0,8.23,2.50000
2023-12-20 13:00:00,1703077200,100.0,283.48,14.94,71.0,0.6,1010.0,0.34,0.0,15.48,1.3,10000.0,14.0,8.31,1.69970
2023-12-20 14:00:00,1703080800,100.0,283.61,14.85,71.0,0.6,1010.0,0.3,0.0,15.4,0.66,10000.0,11.0,8.44,1.60009
2023-12-20 15:00:00,1703084400,100.0,283.53,14.82,71.0,0.6,1010.0,0.33,0.0,15.37,0.19,10000.0,359.0,8.44,0.10010
2023-12-21 00:00:00,1703116800,40.0,282.21,12.55,76.0,0.05,1011.0,0.0,0.0,13.19,0.0,10000.0,318.0,9.23,0.00000
2023-12-21 01:00:00,1703120400,32.0,282.03,12.94,73.0,0.0,1011.0,0.0,0.0,13.62,0.0,10000.0,318.0,8.78,0.00000
2023-12-21 02:00:00,1703124000,24.0,282.05,13.39,71.0,0.0,1011.0,0.0,0.0,14.07,0.0,10000.0,318.0,8.74,0.00000
2023-12-21 03:00:00,1703127600,16.0,282.34,13.93,70.0,0.0,1011.0,0.0,0.0,14.59,0.0,10000.0,315.0,8.83,0.00000
2023-12-21 04:00:00,1703131200,8.0,282.4,14.45,68.0,0.0,1011.0,0.0,0.0,15.11,0.0,10000.0,314.0,8.67,0.00000
2023-12-21 05:00:00,1703134800,2.0,283.19,15.22,67.0,0.0,1011.0,0.0,0.0,15.83,0.0,10000.0,313.0,8.6,0.00000
2023-12-21 06:00:00,1703138400,13.0,283.61,15.39,69.0,0.01,1012.0,0.0,0.0,15.94,0.0,10000.0,315.0,9.06,0.00000
2023-12-21 07:00:00,1703142000,100.0,284.21,15.39,72.0,0.35,1012.0,0.11,0.0,15.87,0.05,10000.0,316.0,8.8,0.00000
2023-12-21 08:00:00,1703145600,100.0,284.38,15.28,74.0,0.51,1013.0,0.32,0.0,15.72,0.17,10000.0,303.0,10.6,0.00000
2023-12-21 09:00:00,1703149200,100.0,283.37,15.46,67.0,0.55,1013.0,0.0,0.0,16.05,0.67,10000.0,298.0,10.52,0.89990
2023-12-21 10:00:00,1703152800,100.0,283.29,15.56,67.0,0.44,1013.0,0.0,0.0,16.14,1.59,10000.0,296.0,9.69,3.19971
2023-12-21 11:00:00,1703156400,100.0,283.49,15.57,68.0,0.37,1012.0,0.0,0.0,16.13,2.02,10000.0,289.0,9.38,8.29931
2023-12-21 12:00:00,1703160000,100.0,283.47,15.44,68.0,0.41,1012.0,0.13,0.0,16.01,1.77,10000.0,286.0,9.12,6.80029
2023-12-21 13:00:00,1703163600,100.0,283.19,15.45,67.0,0.55,1012.0,0.0,0.0,16.04,1.3,10000.0,288.0,8.25,4.70021
2023-12-21 14:00:00,1703167200,97.0,283.4,15.5,67.0,0.33,1012.0,0.0,0.0,16.09,0.64,10000.0,286.0,7.5,1.20020
2023-12-21 15:00:00,1703170800,91.0,283.54,15.67,67.0,0.2,1011.0,0.0,0.0,16.24,0.2,10000.0,282.0,6.93,0.20020
2023-12-22 00:00:00,1703203200,40.0,284.34,14.78,77.0,0.04,1013.0,0.0,0.0,15.19,0.0,10000.0,296.0,12.32,0.00000
2023-12-22 01:00:00,1703206800,52.0,284.26,14.88,76.0,0.49,1013.0,0.0,0.0,15.31,0.0,10000.0,303.0,13.53,0.00000
2023-12-22 02:00:00,1703210400,64.0,284.18,15.19,74.0,0.4,1013.0,0.0,0.0,15.64,0.0,10000.0,297.0,12.85,0.00000
2023-12-22 03:00:00,1703214000,74.0,285.13,15.47,78.0,0.58,1012.0,0.15,0.0,15.8,0.0,10000.0,295.0,14.45,0.00000
2023-12-22 04:00:00,1703217600,85.0,285.79,15.84,80.0,0.83,1011.0,0.27,0.0,16.09,0.0,10000.0,300.0,15.3,0.00000
2023-12-22 05:00:00,1703221200,97.0,286.3,15.98,81.0,0.93,1010.0,0.27,0.0,16.19,0.0,10000.0,299.0,15.95,0.00000
2023-12-22 06:00:00,1703224800,93.0,285.94,15.98,79.0,0.93,1011.0,0.13,0.0,16.24,0.0,10000.0,297.0,15.82,0.00000
2023-12-22 07:00:00,1703228400,55.0,285.92,16.05,79.0,0.98,1011.0,0.17,0.0,16.3,0.15,10000.0,303.0,15.97,0.09961
2023-12-22 08:00:00,1703232000,50.0,286.3,16.13,80.0,0.81,1011.0,0.1,0.0,16.35,0.52,10000.0,304.0,17.32,0.00000
2023-12-22 09:00:00,1703235600,46.0,286.45,16.21,81.0,0.81,1012.0,0.13,0.0,16.4,1.01,10000.0,307.0,17.01,1.80029
2023-12-22 10:00:00,1703239200,49.0,286.41,16.48,79.0,0.73,1012.0,0.0,0.0,16.69,1.76,10000.0,306.0,16.68,4.00000
2023-12-22 11:00:00,1703242800,39.0,286.7,16.53,81.0,0.61,1011.0,0.0,0.0,16.69,1.94,10000.0,299.0,15.9,5.19970
2023-12-22 12:00:00,1703246400,36.0,286.67,16.52,81.0,0.56,1010.0,0.1,0.0,16.68,1.84,10000.0,298.0,16.28,4.00000
2023-12-22 13:00:00,1703250000,3.0,286.57,16.38,81.0,0.47,1010.0,0.0,0.0,16.55,1.04,10000.0,299.0,16.17,2.90040
2023-12-22 14:00:00,1703253600,11.0,286.4,16.34,80.0,0.43,1010.0,0.0,0.0,16.54,0.5,10000.0,299.0,15.4,2.60011
2023-12-22 15:00:00,1703257200,14.0,286.35,16.22,80.0,0.39,1010.0,0.0,0.0,16.43,0.14,10000.0,299.0,15.65,0.69971
2023-12-23 00:00:00,1703289600,75.0,284.29,15.74,72.0,0.32,1013.0,0.0,0.0,16.19,0.0,10000.0,303.0,13.63,0.00000
2023-12-23 01:00:00,1703293200,61.0,284.55,15.83,73.0,0.13,1013.0,0.0,0.0,16.24,0.0,10000.0,304.0,12.81,0.00000
2023-12-23 02:00:00,1703296800,48.0,284.62,15.9,73.0,0.13,1013.0,0.0,0.0,16.31,0.0,10000.0,303.0,12.79,0.00000
2023-12-23 03:00:00,1703300400,39.0,284.85,15.96,74.0,0.09,1013.0,0.0,0.0,16.34,0.0,10000.0,306.0,13.4,0.00000
2023-12-23 04:00:00,1703304000,38.0,284.52,15.79,73.0,0.03,1013.0,0.0,0.0,16.21,0.0,10000.0,304.0,14.21,0.00000
2023-12-23 05:00:00,1703307600,43.0,284.21,15.54,72.0,0.02,1013.0,0.0,0.0,16.0,0.0,10000.0,307.0,14.28,0.00000
2023-12-23 06:00:00,1703311200,53.0,284.45,16.02,71.0,0.0,1013.0,0.0,0.0,16.46,0.0,10000.0,308.0,13.93,0.00000
2023-12-23 07:00:00,1703314800,87.0,284.43,16.06,70.0,0.02,1014.0,0.0,0.0,16.52,0.12,10000.0,309.0,13.0,0.00000
2023-12-23 08:00:00,1703318400,58.0,284.23,16.01,69.0,0.01,1015.0,0.0,0.0,16.5,0.52,10000.0,310.0,12.74,0.09961
2023-12-23 09:00:00,1703322000,66.0,284.18,16.0,69.0,0.0,1015.0,0.0,0.0,16.49,1.04,10000.0,309.0,12.02,2.20020
2023-12-23 10:00:00,1703325600,73.0,284.27,16.06,70.0,0.0,1016.0,0.0,0.0,16.52,0.81,10000.0,306.0,11.53,7.39990
2023-12-23 11:00:00,1703329200,78.0,284.13,16.1,69.0,0.0,1015.0,0.0,0.0,16.58,1.01,10000.0,306.0,11.7,11.29932
2023-12-23 12:00:00,1703332800,82.0,284.41,15.97,71.0,0.0,1015.0,0.0,0.0,16.42,0.88,10000.0,302.0,11.77,7.49950
2023-12-23 13:00:00,1703336400,100.0,284.63,15.78,73.0,0.0,1015.0,0.0,0.0,16.2,0.65,10000.0,300.0,11.83,3.39990
2023-12-23 14:00:00,1703340000,81.0,284.67,15.85,72.0,0.0,1016.0,0.0,0.0,16.29,0.31,10000.0,302.0,11.69,2.10010
2023-12-23 15:00:00,1703343600,80.0,284.5,15.89,71.0,0.0,1016.0,0.0,0.0,16.35,0.17,10000.0,304.0,11.4,0.50000
2023-12-24 00:00:00,1703376000,75.0,284.34,14.78,77.0,0.0,1019.0,0.0,0.0,15.19,0.0,10000.0,297.0,12.63,0.00000
2023-12-24 01:00:00,1703379600,64.0,284.29,14.91,76.0,0.0,1019.0,0.0,0.0,15.34,0.0,10000.0,298.0,12.98,0.00000
2023-12-24 02:00:00,1703383200,69.0,284.36,15.2,75.0,0.0,1019.0,0.0,0.0,15.62,0.0,10000.0,299.0,13.53,0.00000
2023-12-24 03:00:00,1703386800,65.0,284.53,15.39,75.0,0.0,1018.0,0.0,0.0,15.8,0.0,10000.0,301.0,13.41,0.00000
2023-12-24 04:00:00,1703390400,57.0,284.68,15.56,75.0,0.0,1017.0,0.0,0.0,15.95,0.0,10000.0,301.0,13.44,0.00000
2023-12-24 05:00:00,1703394000,52.0,285.1,15.69,76.0,0.0,1018.0,0.0,0.0,16.05,0.0,10000.0,301.0,13.54,0.00000
2023-12-24 06:00:00,1703397600,47.0,284.95,15.72,75.0,0.0,1018.0,0.0,0.0,16.1,0.0,10000.0,302.0,13.39,0.00000
2023-12-24 07:00:00,1703401200,58.0,284.85,15.81,74.0,0.0,1019.0,0.0,0.0,16.2,0.19,10000.0,303.0,13.25,0.00000
2023-12-24 08:00:00,1703404800,52.0,284.98,15.99,74.0,0.0,1019.0,0.0,0.0,16.37,0.69,10000.0,303.0,13.27,0.10010
2023-12-24 09:00:00,1703408400,40.0,285.2,16.13,74.0,0.0,1020.0,0.0,0.0,16.49,1.44,10000.0,304.0,13.39,0.69971
2023-12-24 10:00:00,1703412000,32.0,285.19,16.2,74.0,0.0,1020.0,0.0,0.0,16.56,2.16,10000.0,305.0,13.12,2.30030
2023-12-24 11:00:00,1703415600,27.0,285.08,16.17,73.0,0.0,1019.0,0.0,0.0,16.55,2.45,10000.0,306.0,12.88,2.70020
2023-12-24 12:00:00,1703419200,23.0,285.29,16.24,74.0,0.0,1019.0,0.0,0.0,16.59,1.46,10000.0,306.0,12.85,1.69970
2023-12-24 13:00:00,1703422800,4.0,285.69,16.41,76.0,0.0,1019.0,0.0,0.0,16.7,1.54,10000.0,306.0,12.66,2.00000
2023-12-24 14:00:00,1703426400,4.0,285.92,16.49,76.0,0.0,1019.0,0.0,0.0,16.77,0.78,10000.0,304.0,12.6,1.09960
2023-12-24 15:00:00,1703430000,4.0,285.73,16.37,76.0,0.0,1019.0,0.0,0.0,16.66,0.23,10000.0,303.0,12.59,0.10010
2023-12-25 00:00:00,1703462400,2.0,284.96,15.88,75.0,0.0,1021.0,0.0,0.0,16.24,0.0,10000.0,294.0,11.61,0.00000
2023-12-25 01:00:00,1703466000,2.0,284.97,15.89,75.0,0.0,1021.0,0.0,0.0,16.25,0.0,10000.0,298.0,11.37,0.00000
2023-12-25 02:00:00,1703469600,2.0,285.0,15.92,75.0,0.0,1021.0,0.0,0.0,16.28,0.0,10000.0,303.0,11.5,0.10010
2023-12-25 03:00:00,1703473200,2.0,285.17,15.91,76.0,0.0,1020.0,0.0,0.0,16.25,0.0,10000.0,305.0,11.3,0.00000
2023-12-25 04:00:00,1703476800,1.0,285.17,15.91,76.0,0.0,1020.0,0.0,0.0,16.25,0.0,10000.0,308.0,10.95,0.00000
2023-12-25 05:00:00,1703480400,1.0,285.36,15.93,76.0,0.0,1020.0,0.0,0.0,16.26,0.0,10000.0,308.0,10.85,0.00000
2023-12-25 06:00:00,1703484000,1.0,285.3,15.91,76.0,0.0,1021.0,0.0,0.0,16.25,0.0,10000.0,305.0,10.44,0.00000
2023-12-25 07:00:00,1703487600,0.0,285.33,15.96,76.0,0.0,1021.0,0.0,0.0,16.29,0.19,10000.0,304.0,10.12,0.00000
2023-12-25 08:00:00,1703491200,0.0,285.45,16.13,75.0,0.0,1021.0,0.0,0.0,16.47,0.7,10000.0,302.0,10.31,0.00000
2023-12-25 09:00:00,1703494800,0.0,285.51,16.26,75.0,0.0,1022.0,0.0,0.0,16.59,1.48,10000.0,300.0,10.39,0.30030
2023-12-25 10:00:00,1703498400,0.0,285.49,16.34,75.0,0.0,1022.0,0.0,0.0,16.66,2.21,10000.0,301.0,10.07,0.79981
2023-12-25 11:00:00,1703502000,0.0,285.52,16.38,75.0,0.0,1021.0,0.0,0.0,16.7,2.52,10000.0,299.0,9.9,3.49951
2023-12-25 12:00:00,1703505600,0.0,285.57,16.42,75.0,0.0,1021.0,0.0,0.0,16.73,2.26,10000.0,301.0,9.7,2.00049
2023-12-25 13:00:00,1703509200,0.0,285.54,16.38,75.0,0.0,1020.0,0.0,0.0,16.7,1.56,10000.0,300.0,9.55,1.19971
2023-12-25 14:00:00,1703512800,0.0,285.52,16.35,75.0,0.0,1020.0,0.0,0.0,16.67,0.8,10000.0,300.0,9.25,0.20020
2023-12-25 15:00:00,1703516400,0.0,285.52,16.28,75.0,0.0,1020.0,0.0,0.0,16.61,0.23,10000.0,302.0,8.8,0.00000
2023-12-26 00:00:00,1703548800,0.0,284.83,15.53,76.0,0.0,1022.0,0.0,0.0,15.9,0.0,10000.0,298.0,7.2,0.00000
2023-12-26 01:00:00,1703552400,0.0,284.82,15.52,76.0,0.0,1022.0,0.0,0.0,15.89,0.0,10000.0,297.0,7.16,0.00000
2023-12-26 02:00:00,1703556000,0.0,284.8,15.5,76.0,0.0,1022.0,0.0,0.0,15.87,0.0,10000.0,296.0,7.02,0.00000
2023-12-26 03:00:00,1703559600,1.0,284.77,15.46,76.0,0.0,1021.0,0.0,0.0,15.84,0.0,10000.0,298.0,7.1,0.00000
2023-12-26 04:00:00,1703563200,1.0,284.74,15.43,76.0,0.0,1021.0,0.0,0.0,15.81,0.0,10000.0,300.0,6.81,0.00000
2023-12-26 05:00:00,1703566800,1.0,284.73,15.37,75.0,0.0,1021.0,0.0,0.0,15.78,0.0,10000.0,299.0,6.21,0.00000
2023-12-26 06:00:00,1703570400,1.0,284.69,15.27,75.0,0.0,1022.0,0.0,0.0,15.69,0.0,10000.0,297.0,5.8,0.00000
2023-12-26 07:00:00,1703574000,1.0,284.72,15.35,75.0,0.0,1022.0,0.0,0.0,15.76,0.19,10000.0,296.0,5.6,0.00000
2023-12-26 08:00:00,1703577600,1.0,284.71,15.65,74.0,0.0,1023.0,0.0,0.0,16.06,0.67,10000.0,295.0,5.35,0.20020
2023-12-26 09:00:00,1703581200,1.0,284.75,15.77,73.0,0.0,1023.0,0.0,0.0,16.19,1.39,10000.0,292.0,5.36,1.60010
2023-12-26 10:00:00,1703584800,2.0,284.76,15.95,73.0,0.0,1023.0,0.0,0.0,16.35,2.09,10000.0,291.0,5.48,4.29981
2023-12-26 11:00:00,1703588400,3.0,284.76,15.99,73.0,0.0,1023.0,0.0,0.0,16.39,2.38,10000.0,291.0,5.45,3.89990
2023-12-26 12:00:00,1703592000,4.0,284.81,16.0,73.0,0.0,1022.0,0.0,0.0,16.4,2.13,10000.0,290.0,5.58,3.49950
2023-12-26 13:00:00,1703595600,4.0,284.82,16.01,73.0,0.0,1022.0,0.0,0.0,16.41,1.45,10000.0,288.0,5.74,3.59960
2023-12-26 14:00:00,1703599200,3.0,284.82,15.95,72.0,0.0,1022.0,0.0,0.0,16.38,0.74,10000.0,294.0,5.63,1.90039
2023-12-26 15:00:00,1703602800,3.0,284.67,15.81,73.0,0.0,1021.0,0.0,0.0,16.23,0.22,10000.0,299.0,5.18,0.20020
2023-12-27 00:00:00,1703635200,3.0,284.15,15.16,74.0,0.0,1023.0,0.0,0.0,15.61,0.0,10000.0,309.0,5.78,0.00000
2023-12-27 01:00:00,1703638800,3.0,283.93,15.12,73.0,0.0,1023.0,0.0,0.0,15.6,0.0,10000.0,310.0,5.57,0.00000
2023-12-27 02:00:00,1703642400,4.0,283.92,15.11,73.0,0.0,1023.0,0.0,0.0,15.59,0.0,10000.0,312.0,5.36,0.00000
2023-12-27 03:00:00,1703646000,5.0,283.86,15.03,73.0,0.0,1023.0,0.0,0.0,15.52,0.0,10000.0,314.0,5.18,0.00000
2023-12-27 04:00:00,1703649600,6.0,283.55,14.9,72.0,0.0,1023.0,0.0,0.0,15.42,0.0,10000.0,316.0,4.67,0.00000
2023-12-27 05:00:00,1703653200,7.0,283.64,14.78,72.0,0.0,1023.0,0.0,0.0,15.31,0.0,10000.0,315.0,4.19,0.00000
2023-12-27 06:00:00,1703656800,7.0,283.59,14.75,72.0,0.0,1024.0,0.0,0.0,15.29,0.0,10000.0,311.0,3.66,0.00000
2023-12-27 07:00:00,1703660400,9.0,283.65,14.85,72.0,0.0,1024.0,0.0,0.0,15.38,0.19,10000.0,318.0,3.71,0.00000
2023-12-27 08:00:00,1703664000,19.0,283.49,15.1,70.0,0.0,1025.0,0.0,0.0,15.65,0.65,10000.0,317.0,3.57,0.10010
2023-12-27 09:00:00,1703667600,36.0,283.15,15.26,67.0,0.0,1026.0,0.0,0.0,15.87,1.12,10000.0,322.0,3.34,0.00000
2023-12-27 10:00:00,1703671200,51.0,282.9,15.18,66.0,0.0,1026.0,0.0,0.0,15.82,1.79,10000.0,337.0,3.07,0.10010
2023-12-27 11:00:00,1703674800,61.0,282.43,15.14,64.0,0.0,1025.0,0.0,0.0,15.83,2.22,10000.0,343.0,1.91,0.10010
2023-12-27 12:00:00,1703678400,55.0,282.37,15.23,63.0,0.0,1025.0,0.0,0.0,15.94,2.12,10000.0,328.0,1.61,0.09961
2023-12-27 13:00:00,1703682000,3.0,282.51,15.32,64.0,0.0,1025.0,0.0,0.0,15.99,1.47,10000.0,336.0,2.01,0.00000
2023-12-27 14:00:00,1703685600,5.0,282.76,15.35,65.0,0.0,1025.0,0.0,0.0,16.0,0.75,10000.0,343.0,2.31,0.80030
2023-12-27 15:00:00,1703689200,10.0,282.89,15.24,66.0,0.0,1025.0,0.0,0.0,15.87,0.19,10000.0,3.0,2.26,0.19971
2023-12-28 00:00:00,1703721600,75.0,282.21,12.55,76.0,0.0,1028.0,0.0,0.0,13.19,0.0,10000.0,105.0,1.37,0.00000
2023-12-28 01:00:00,1703725200,60.0,281.96,12.87,73.0,0.0,1028.0,0.0,0.0,13.55,0.0,10000.0,104.0,1.05,0.00000
2023-12-28 02:00:00,1703728800,46.0,282.08,13.21,72.0,0.0,1028.0,0.0,0.0,13.89,0.0,10000.0,88.0,1.15,0.00000
2023-12-28 03:00:00,1703732400,37.0,281.99,13.54,70.0,0.0,1028.0,0.0,0.0,14.23,0.0,10000.0,90.0,1.63,0.00000
2023-12-28 04:00:00,1703736000,28.0,281.94,13.91,68.0,0.0,1028.0,0.0,0.0,14.62,0.0,10000.0,96.0,1.9,0.00000
2023-12-28 05:00:00,1703739600,21.0,282.16,14.49,66.0,0.0,1028.0,0.0,0.0,15.19,0.0,10000.0,107.0,2.18,0.00000
2023-12-28 06:00:00,1703743200,28.0,282.08,14.71,65.0,0.0,1028.0,0.0,0.0,15.42,0.0,10000.0,116.0,2.82,0.00000
2023-12-28 07:00:00,1703746800,66.0,282.1,14.8,64.0,0.0,1028.0,0.0,0.0,15.52,0.2,10000.0,120.0,3.05,0.00000
2023-12-28 08:00:00,1703750400,51.0,282.03,14.92,63.0,0.0,1029.0,0.0,0.0,15.65,0.69,10000.0,128.0,2.91,0.10010
2023-12-28 09:00:00,1703754000,36.0,282.18,15.02,64.0,0.0,1029.0,0.0,0.0,15.72,1.23,10000.0,136.0,2.98,1.50000
2023-12-28 10:00:00,1703757600,30.0,282.34,15.05,64.0,0.0,1029.0,0.0,0.0,15.75,1.67,10000.0,144.0,3.08,3.09960
2023-12-28 11:00:00,1703761200,26.0,282.35,14.99,64.0,0.0,1028.0,0.0,0.0,15.69,2.11,10000.0,152.0,2.71,3.10009
2023-12-28 12:00:00,1703764800,24.0,282.38,14.98,65.0,0.0,1027.0,0.0,0.0,15.66,2.26,10000.0,155.0,2.41,1.69971
2023-12-28 13:00:00,1703768400,8.0,282.51,14.99,65.0,0.0,1027.0,0.0,0.0,15.67,1.55,10000.0,167.0,2.32,2.50000
2023-12-28 14:00:00,1703772000,11.0,282.57,15.02,66.0,0.0,1027.0,0.0,0.0,15.67,0.79,10000.0,185.0,1.89,1.10010
2023-12-28 15:00:00,1703775600,21.0,282.64,14.92,66.0,0.0,1027.0,0.0,0.0,15.58,0.23,10000.0,199.0,1.53,0.29981
2023-12-29 00:00:00,1703808000,40.0,282.36,11.61,82.0,0.0,1026.0,0.0,0.0,12.19,0.0,10000.0,166.0,1.87,0.00000
2023-12-29 01:00:00,1703811600,52.0,282.08,12.21,77.0,0.0,1026.0,0.0,0.0,12.86,0.0,10000.0,168.0,1.64,0.00000
2023-12-29 02:00:00,1703815200,58.0,282.08,12.8,74.0,0.0,1026.0,0.0,0.0,13.47,0.0,10000.0,177.0,1.15,0.00000
2023-12-29 03:00:00,1703818800,69.0,281.86,13.38,70.0,0.0,1025.0,0.0,0.0,14.09,0.0,10000.0,211.0,1.3,0.00000
2023-12-29 04:00:00,1703822400,82.0,281.46,13.82,66.0,0.0,1025.0,0.0,0.0,14.58,0.0,10000.0,152.0,0.16,0.00000
2023-12-29 05:00:00,1703826000,93.0,281.65,14.45,63.0,0.0,1025.0,0.0,0.0,15.23,0.0,10000.0,106.0,0.1,0.00000
2023-12-29 06:00:00,1703829600,95.0,281.69,14.38,64.0,0.0,1025.0,0.0,0.0,15.14,0.0,10000.0,221.0,0.35,0.00000
2023-12-29 07:00:00,1703833200,100.0,281.82,14.55,64.0,0.0,1025.0,0.0,0.0,15.29,0.16,10000.0,244.0,0.53,0.00000
2023-12-29 08:00:00,1703836800,100.0,281.91,14.64,64.0,0.0,1025.0,0.0,0.0,15.38,0.57,10000.0,217.0,0.15,0.00000
2023-12-29 09:00:00,1703840400,100.0,282.03,14.69,64.0,0.0,1026.0,0.0,0.0,15.42,1.11,10000.0,133.0,0.58,0.69970
2023-12-29 10:00:00,1703844000,100.0,282.12,14.82,64.0,0.0,1025.0,0.0,0.0,15.54,1.79,10000.0,136.0,1.08,2.00001
2023-12-29 11:00:00,1703847600,100.0,282.22,14.92,64.0,0.0,1024.0,0.0,0.0,15.63,1.99,10000.0,155.0,1.21,2.19971
2023-12-29 12:00:00,1703851200,100.0,282.32,15.04,64.0,0.0,1024.0,0.0,0.0,15.74,1.88,10000.0,207.0,1.09,1.79980
2023-12-29 13:00:00,1703854800,100.0,282.48,15.17,64.0,0.0,1023.0,0.0,0.0,15.86,1.36,10000.0,225.0,1.18,6.00000
2023-12-29 14:00:00,1703858400,100.0,282.51,15.25,64.0,0.0,1023.0,0.0,0.0,15.93,0.69,10000.0,278.0,0.79,4.70020
2023-12-29 15:00:00,1703862000,100.0,282.67,15.25,65.0,0.0,1023.0,0.0,0.0,15.91,0.2,10000.0,250.0,0.89,0.89990
2024-01-09 00:00:00,1704758400,75.0,271.39,-1.01,66.0,0.0,1034.0,0.0,0.0,3.77,0.0,10000.0,93.0,6.85,0.00000
2024-01-09 01:00:00,1704762000,80.0,271.48,-1.17,67.0,0.07,1034.0,0.0,0.0,3.66,0.0,10000.0,93.0,6.89,0.00000
2024-01-09 02:00:00,1704765600,85.0,271.26,-1.27,66.0,0.07,1034.0,0.0,0.0,3.61,0.0,10000.0,91.0,6.99,0.00000
2024-01-09 03:00:00,1704769200,90.0,271.26,-1.4,66.0,0.04,1034.0,0.0,0.0,3.61,0.0,10000.0,92.0,7.35,0.00000
2024-01-09 04:00:00,1704772800,95.0,271.28,-1.48,66.0,0.04,1034.0,0.0,0.0,3.63,0.0,10000.0,92.0,7.63,0.00000
2024-01-09 05:00:00,1704776400,100.0,270.55,-1.61,67.0,0.04,1033.0,0.0,0.0,3.49,0.0,10000.0,93.0,7.49,0.00000
2024-01-09 06:00:00,1704780000,98.0,270.61,-1.85,68.0,0.01,1034.0,0.0,0.0,3.24,0.0,10000.0,93.0,7.26,0.00000
2024-01-09 07:00:00,1704783600,86.0,270.49,-1.84,68.0,0.0,1034.0,0.0,0.0,3.23,0.0,10000.0,92.0,7.21,0.00000
2024-01-09 08:00:00,1704787200,83.0,270.47,-1.92,68.0,0.0,1034.0,0.0,0.0,3.14,0.0,10000.0,92.0,7.11,0.00000
2024-01-09 09:00:00,1704790800,82.0,270.67,-1.89,69.0,0.0,1034.0,0.0,0.0,3.18,0.0,10000.0,91.0,7.17,3.20069
2024-01-09 10:00:00,1704794400,81.0,271.17,-1.37,69.0,0.0,1035.0,0.0,0.0,3.65,0.18,10000.0,91.0,7.4,10.40039
2024-01-09 11:00:00,1704798000,81.0,271.45,-0.83,69.0,0.0,1035.0,0.0,0.0,4.03,0.3,10000.0,90.0,7.27,13.30029
2024-01-09 12:00:00,1704801600,81.0,271.64,-0.46,68.0,0.0,1035.0,0.0,0.0,4.31,0.4,10000.0,89.0,7.23,15.69972
2024-01-09 13:00:00,1704805200,83.0,271.74,-0.34,68.0,0.0,1034.0,0.0,0.0,4.42,0.41,10000.0,88.0,7.3,12.40088
2024-01-09 14:00:00,1704808800,79.0,271.69,-0.45,68.0,0.0,1034.0,0.0,0.0,4.28,0.33,10000.0,86.0,7.09,6.80028
2024-01-09 15:00:00,1704812400,75.0,271.54,-0.76,69.0,0.0,1034.0,0.0,0.0,4.0,0.17,10000.0,86.0,6.97,2.10010
2024-01-10 00:00:00,1704844800,75.0,274.09,-0.08,78.0,0.0,1035.0,0.0,0.0,4.44,0.0,10000.0,83.0,6.67,0.00000
2024-01-10 01:00:00,1704848400,70.0,273.71,-0.2,77.0,0.0,1035.0,0.0,0.0,4.23,0.0,10000.0,83.0,6.29,0.00000
2024-01-10 02:00:00,1704852000,62.0,273.32,-0.42,76.0,0.0,1035.0,0.0,0.0,4.01,0.0,10000.0,82.0,6.15,0.00000
2024-01-10 03:00:00,1704855600,54.0,273.14,-0.67,76.0,0.0,1034.0,0.0,0.0,3.83,0.0,10000.0,81.0,6.19,0.00000
2024-01-10 04:00:00,1704859200,48.0,272.91,-0.75,75.0,0.0,1034.0,0.0,0.0,3.74,0.0,10000.0,81.0,6.11,0.00000
2024-01-10 05:00:00,1704862800,41.0,272.39,-0.79,75.0,0.0,1034.0,0.0,0.0,3.72,0.0,10000.0,79.0,6.14,0.00000
2024-01-10 06:00:00,1704866400,43.0,272.47,-0.52,74.0,0.0,1034.0,0.0,0.0,3.95,0.0,10000.0,79.0,6.2,0.00000
2024-01-10 07:00:00,1704870000,51.0,272.59,-0.24,74.0,0.0,1034.0,0.0,0.0,4.18,0.0,10000.0,78.0,6.22,0.00000
2024-01-10 08:00:00,1704873600,60.0,272.8,0.07,73.0,0.0,1034.0,0.0,0.0,4.42,0.0,10000.0,77.0,6.22,0.10010
2024-01-10 09:00:00,1704877200,58.0,273.14,0.19,75.0,0.0,1035.0,0.0,0.0,4.46,0.0,10000.0,77.0,6.04,1.49950
2024-01-10 10:00:00,1704880800,64.0,273.54,1.25,73.0,0.0,1035.0,0.0,0.0,5.2,0.09,10000.0,74.0,5.76,1.20019
2024-01-10 11:00:00,1704884400,71.0,273.94,1.67,74.0,0.0,1035.0,0.0,0.0,5.42,0.14,10000.0,71.0,5.42,2.49952
2024-01-10 12:00:00,1704888000,76.0,274.33,1.82,76.0,0.0,1035.0,0.0,0.0,5.43,0.21,10000.0,70.0,5.11,1.79980
2024-01-10 13:00:00,1704891600,100.0,274.65,2.15,77.0,0.09,1034.0,0.0,0.0,5.6,0.19,10000.0,66.0,4.87,0.89990
2024-01-10 14:00:00,1704895200,100.0,275.11,2.26,79.0,0.09,1034.0,0.0,0.0,5.68,0.17,10000.0,59.0,4.85,0.10010
2024-01-10 15:00:00,1704898800,100.0,275.43,2.32,81.0,0.06,1034.0,0.0,0.0,5.79,0.08,10000.0,58.0,5.01,0.20020
2024-01-11 00:00:00,1704931200,75.0,276.68,3.11,81.0,0.29,1036.0,0.0,0.0,6.55,0.0,10000.0,59.0,5.39,0.00000
2024-01-11 01:00:00,1704934800,79.0,276.75,3.16,82.0,0.09,1036.0,0.0,0.0,6.45,0.0,10000.0,58.0,4.97,0.00000
2024-01-11 02:00:00,1704938400,84.0,276.84,3.12,83.0,0.08,1036.0,0.0,0.0,6.36,0.0,10000.0,58.0,4.81,0.10010
2024-01-11 03:00:00,1704942000,89.0,276.81,3.19,83.0,0.04,1037.0,0.0,0.0,6.33,0.0,10000.0,61.0,4.6,0.00000
2024-01-11 04:00:00,1704945600,94.0,276.7,3.24,82.0,0.0,1038.0,0.0,0.0,6.39,0.0,10000.0,63.0,4.65,0.00000
2024-01-11 05:00:00,1704949200,99.0,276.0,3.15,81.0,0.0,1038.0,0.0,0.0,6.37,0.0,10000.0,61.0,4.78,0.00000
2024-01-11 06:00:00,1704952800,99.0,275.83,3.12,80.0,0.0,1038.0,0.0,0.0,6.42,0.0,10000.0,55.0,4.99,0.00000
2024-01-11 07:00:00,1704956400,100.0,275.84,3.21,79.0,0.0,1039.0,0.0,0.0,6.48,0.0,10000.0,55.0,4.96,0.00000
2024-01-11 08:00:00,1704960000,100.0,275.86,3.17,79.0,0.0,1039.0,0.0,0.0,6.47,0.0,10000.0,61.0,5.02,0.10010
2024-01-11 09:00:00,1704963600,100.0,275.94,3.19,80.0,0.0,1040.0,0.0,0.0,6.47,0.0,10000.0,66.0,4.96,2.10010
2024-01-11 10:00:00,1704967200,100.0,276.17,3.53,80.0,0.0,1041.0,0.0,0.0,6.7,0.12,10000.0,70.0,4.85,3.39989
2024-01-11 11:00:00,1704970800,97.0,276.45,4.09,79.0,0.0,1041.0,0.0,0.0,7.06,0.3,10000.0,69.0,4.6,3.39990
2024-01-11 12:00:00,1704974400,96.0,276.3,4.49,77.0,0.0,1041.0,0.0,0.0,7.33,0.34,10000.0,69.0,4.47,3.40088
2024-01-11 13:00:00,1704978000,97.0,276.22,4.72,77.0,0.0,1041.0,0.0,0.0,7.34,0.33,10000.0,68.0,4.03,2.00000
2024-01-11 14:00:00,1704981600,98.0,276.29,5.04,77.0,0.0,1041.0,0.0,0.0,7.33,0.23,10000.0,67.0,3.42,0.39990
2024-01-11 15:00:00,1704985200,96.0,276.09,4.93,77.0,0.0,1041.0,0.0,0.0,7.13,0.11,10000.0,64.0,3.21,0.00000
2024-01-12 00:00:00,1705017600,75.0,276.27,4.58,83.0,0.0,1042.0,0.0,0.0,5.78,0.0,10000.0,67.0,1.71,0.00000
2024-01-12 01:00:00,1705021200,67.0,276.17,4.64,84.0,0.0,1042.0,0.0,0.0,5.5,0.0,10000.0,75.0,1.41,0.00000
2024-01-12 02:00:00,1705024800,56.0,275.87,5.03,85.0,0.0,1042.0,0.0,0.0,5.03,0.0,10000.0,54.0,1.07,0.00000
2024-01-12 03:00:00,1705028400,44.0,275.48,4.3,87.0,0.0,1041.0,0.0,0.0,4.3,0.0,10000.0,19.0,1.15,0.00000
2024-01-12 04:00:00,1705032000,31.0,275.01,2.35,89.0,0.0,1041.0,0.0,0.0,3.5,0.0,10000.0,7.0,1.42,0.00000
2024-01-12 05:00:00,1705035600,19.0,274.03,0.96,91.0,0.0,1040.0,0.0,0.0,2.63,0.0,10000.0,11.0,1.71,0.00000
2024-01-12 06:00:00,1705039200,21.0,274.01,0.91,92.0,0.0,1040.0,0.0,0.0,2.53,0.0,10000.0,17.0,1.66,0.00000
2024-01-12 07:00:00,1705042800,45.0,274.22,1.23,91.0,0.0,1040.0,0.0,0.0,2.88,0.0,10000.0,15.0,1.72,0.10010
2024-01-12 08:00:00,1705046400,53.0,274.27,1.94,88.0,0.0,1040.0,0.0,0.0,3.34,0.0,10000.0,16.0,1.58,0.00000
2024-01-12 09:00:00,1705050000,55.0,274.38,1.98,88.0,0.0,1039.0,0.0,0.0,3.53,0.0,10000.0,18.0,1.72,0.29981
2024-01-12 10:00:00,1705053600,56.0,275.03,3.1,87.0,0.0,1039.0,0.0,0.0,4.3,0.2,10000.0,18.0,1.54,1.30078
2024-01-12 11:00:00,1705057200,56.0,275.46,5.33,84.0,0.0,1039.0,0.0,0.0,5.33,0.41,10000.0,31.0,1.27,2.20020
2024-01-12 12:00:00,1705060800,54.0,275.84,6.01,82.0,0.0,1038.0,0.0,0.0,6.01,0.54,10000.0,36.0,1.05,2.39991
2024-01-12 13:00:00,1705064400,25.0,276.04,6.39,81.0,0.0,1037.0,0.0,0.0,6.39,0.54,10000.0,19.0,0.94,2.39991
2024-01-12 14:00:00,1705068000,28.0,276.14,5.5,82.0,0.0,1036.0,0.0,0.0,6.32,0.4,10000.0,2.0,1.46,1.50000
2024-01-12 15:00:00,1705071600,35.0,276.37,5.75,87.0,0.0,1036.0,0.0,0.0,5.75,0.21,10000.0,351.0,1.2,0.20020
2024-01-13 00:00:00,1705104000,75.0,272.72,-0.37,87.0,0.0,1033.0,0.0,0.0,1.43,0.0,10000.0,322.0,1.67,0.00000
2024-01-13 01:00:00,1705107600,80.0,272.9,-0.11,88.0,0.0,1033.0,0.0,0.0,1.48,0.0,10000.0,312.0,1.53,0.00000
2024-01-13 02:00:00,1705111200,85.0,273.19,0.16,89.0,0.0,1033.0,0.0,0.0,1.65,0.0,10000.0,303.0,1.48,0.00000
2024-01-13 03:00:00,1705114800,90.0,273.38,-0.32,88.0,0.0,1032.0,0.0,0.0,2.01,0.0,9316.0,334.0,2.18,0.00000
2024-01-13 04:00:00,1705118400,95.0,273.38,0.14,85.0,0.0,1032.0,0.0,0.0,2.49,0.0,10000.0,338.0,2.28,0.00000
2024-01-13 05:00:00,1705122000,100.0,273.51,1.08,86.0,0.0,1031.0,0.0,0.0,2.98,0.0,10000.0,325.0,1.94,0.00000
2024-01-13 06:00:00,1705125600,100.0,273.63,1.43,84.0,0.0,1030.0,0.0,0.0,3.43,0.0,10000.0,330.0,2.1,0.00000
2024-01-13 07:00:00,1705129200,100.0,273.68,1.72,82.0,0.0,1030.0,0.0,0.0,3.82,0.0,10000.0,337.0,2.27,0.00000
2024-01-13 08:00:00,1705132800,100.0,273.8,2.44,81.0,0.0,1029.0,0.0,0.0,4.07,0.0,10000.0,322.0,1.86,0.00000
2024-01-13 09:00:00,1705136400,98.0,273.96,2.74,83.0,0.0,1029.0,0.0,0.0,3.83,0.0,10000.0,241.0,1.41,0.39990
2024-01-13 10:00:00,1705140000,90.0,274.49,2.81,84.0,0.0,1028.0,0.0,0.0,4.27,0.21,10000.0,227.0,1.74,2.10010
2024-01-13 11:00:00,1705143600,81.0,275.21,4.65,81.0,0.0,1028.0,0.0,0.0,5.5,0.33,10000.0,248.0,1.4,3.20020
2024-01-13 12:00:00,1705147200,80.0,275.66,5.29,79.0,0.0,1027.0,0.0,0.0,6.42,0.2,10000.0,280.0,1.74,4.39990
2024-01-13 13:00:00,1705150800,99.0,275.82,5.02,79.0,0.0,1026.0,0.0,0.0,6.5,0.17,10000.0,281.0,2.1,4.00000
2024-01-13 14:00:00,1705154400,100.0,276.11,4.74,82.0,0.0,1026.0,0.0,0.0,6.32,0.21,10000.0,279.0,2.18,2.59960
2024-01-13 15:00:00,1705158000,100.0,276.27,4.42,84.0,0.0,1025.0,0.0,0.0,6.05,0.16,10000.0,279.0,2.18,0.70020
2024-01-14 00:00:00,1705190400,75.0,276.04,2.09,94.0,0.0,1021.0,0.0,0.0,3.76,0.0,10000.0,294.0,1.85,0.00000
2024-01-14 01:00:00,1705194000,69.0,275.44,1.57,93.0,0.0,1021.0,0.0,0.0,3.31,0.0,10000.0,290.0,1.85,0.00000
2024-01-14 02:00:00,1705197600,65.0,274.95,1.14,92.0,0.0,1021.0,0.0,0.0,2.97,0.0,10000.0,276.0,1.88,0.00000
2024-01-14 03:00:00,1705201200,65.0,274.24,0.65,89.0,0.0,1020.0,0.0,0.0,2.72,0.0,10000.0,267.0,2.06,0.00000
2024-01-14 04:00:00,1705204800,69.0,273.84,0.74,85.0,0.0,1019.0,0.0,0.0,2.96,0.0,10000.0,262.0,2.24,0.00000
2024-01-14 05:00:00,1705208400,74.0,272.84,0.85,81.0,0.0,1018.0,0.0,0.0,3.17,0.0,10000.0,259.0,2.38,0.00000
2024-01-14 06:00:00,1705212000,78.0,272.82,1.02,79.0,0.0,1018.0,0.0,0.0,3.38,0.0,10000.0,259.0,2.46,0.00000
2024-01-14 07:00:00,1705215600,100.0,272.77,1.17,78.0,0.0,1018.0,0.0,0.0,3.6,0.0,10000.0,263.0,2.58,0.00000
2024-01-14 08:00:00,1705219200,100.0,272.71,1.31,77.0,0.0,1018.0,0.0,0.0,3.65,0.0,10000.0,265.0,2.49,0.00000
2024-01-14 09:00:00,1705222800,100.0,272.8,1.71,77.0,0.0,1017.0,0.0,0.0,3.73,0.0,10000.0,282.0,2.17,2.00000
2024-01-14 10:00:00,1705226400,100.0,273.64,1.63,80.0,0.0,1018.0,0.0,0.0,4.12,0.2,10000.0,318.0,2.77,4.30078
2024-01-14 11:00:00,1705230000,100.0,274.49,2.09,82.0,0.0,1018.0,0.0,0.0,4.53,0.4,10000.0,323.0,2.8,4.20019
2024-01-14 12:00:00,1705233600,99.0,274.66,2.24,81.0,0.0,1017.0,0.0,0.0,5.02,0.49,10000.0,327.0,3.42,19.00049
2024-01-14 13:00:00,1705237200,89.0,273.67,2.03,73.0,0.0,1017.0,0.0,0.0,5.43,0.36,10000.0,335.0,4.68,11.50000
2024-01-14 14:00:00,1705240800,92.0,272.4,1.27,68.0,0.0,1016.0,0.0,0.0,5.04,0.24,10000.0,340.0,5.26,1.89990
2024-01-14 15:00:00,1705244400,95.0,271.66,0.51,68.0,0.0,1016.0,0.0,0.0,4.4,0.16,10000.0,340.0,5.15,1.29980
2024-01-15 00:00:00,1705276800,40.0,272.75,-2.17,88.0,0.0,1015.0,0.0,0.0,1.31,0.0,10000.0,300.0,3.3,0.00000
2024-01-15 01:00:00,1705280400,41.0,272.77,-2.75,90.0,0.02,1015.0,0.0,0.0,1.02,0.0,10000.0,299.0,3.6,0.00000
2024-01-15 02:00:00,1705284000,44.0,272.74,-3.24,91.0,0.02,1015.0,0.0,0.0,0.83,0.0,10000.0,308.0,3.97,0.00000
2024-01-15 03:00:00,1705287600,44.0,272.73,-3.55,93.0,0.02,1015.0,0.0,0.0,0.52,0.0,10000.0,314.0,3.87,0.00000
2024-01-15 04:00:00,1705291200,45.0,272.33,-4.27,94.0,0.02,1015.0,0.0,0.0,-0.07,0.0,10000.0,314.0,3.86,0.00000
2024-01-15 05:00:00,1705294800,46.0,271.46,-4.71,95.0,0.02,1015.0,0.0,0.0,-0.55,0.0,10000.0,318.0,3.66,0.00000
2024-01-15 06:00:00,1705298400,47.0,271.24,-4.71,95.0,0.0,1015.0,0.0,0.0,-0.76,0.0,10000.0,311.0,3.34,0.00000
2024-01-15 07:00:00,1705302000,49.0,270.91,-5.01,96.0,0.0,1016.0,0.0,0.0,-1.14,0.0,10000.0,303.0,3.16,0.00000
2024-01-15 08:00:00,1705305600,47.0,270.59,-5.27,95.0,0.0,1016.0,0.0,0.0,-1.36,0.0,10000.0,308.0,3.15,0.10010
2024-01-15 09:00:00,1705309200,46.0,270.58,-4.92,95.0,0.0,1017.0,0.0,0.0,-1.32,0.0,10000.0,308.0,2.83,3.99999
2024-01-15 10:00:00,1705312800,47.0,270.8,-3.88,89.0,0.0,1017.0,0.0,0.0,-0.32,0.21,10000.0,309.0,2.99,12.00098
2024-01-15 11:00:00,1705316400,58.0,270.75,-2.87,81.0,0.0,1018.0,0.0,0.0,0.91,0.37,10000.0,322.0,3.58,17.69970
2024-01-15 12:00:00,1705320000,65.0,270.64,-2.18,76.0,0.0,1017.0,0.0,0.0,1.65,0.47,10000.0,329.0,3.89,14.60010
2024-01-15 13:00:00,1705323600,100.0,270.42,-1.88,73.0,0.0,1017.0,0.0,0.0,2.0,0.47,10000.0,335.0,4.09,8.20069
2024-01-15 14:00:00,1705327200,100.0,270.17,-1.81,71.0,0.0,1017.0,0.0,0.0,2.1,0.34,10000.0,338.0,4.16,4.69971
2024-01-15 15:00:00,1705330800,100.0,270.27,-1.53,73.0,0.0,1017.0,0.0,0.0,1.93,0.18,10000.0,333.0,3.45,2.00001
2024-01-16 00:00:00,1705363200,100.0,272.19,-3.18,91.0,0.0,1013.0,0.0,0.0,0.21,0.0,10000.0,237.0,2.92,0.00000
2024-01-16 01:00:00,1705366800,99.0,272.12,-3.42,91.0,0.0,1013.0,0.0,0.0,0.12,0.0,10000.0,235.0,3.07,0.00000
2024-01-16 02:00:00,1705370400,96.0,271.98,-3.96,92.0,0.0,1013.0,0.0,0.0,-0.16,0.0,10000.0,234.0,3.31,0.00000
2024-01-16 03:00:00,1705374000,92.0,271.9,-4.38,93.0,0.0,1012.0,0.0,0.0,-0.37,0.0,10000.0,230.0,3.52,0.00000
2024-01-16 04:00:00,1705377600,90.0,271.7,-4.19,90.0,0.0,1011.0,0.0,0.0,-0.18,0.0,10000.0,233.0,3.57,0.00000
2024-01-16 05:00:00,1705381200,83.0,270.78,-4.99,92.0,0.0,1011.0,0.0,0.0,-0.66,0.0,10000.0,228.0,3.86,0.00000
2024-01-16 06:00:00,1705384800,83.0,270.64,-5.01,89.0,0.0,1010.0,0.0,0.0,-0.39,0.0,10000.0,225.0,4.37,0.00000
2024-01-16 07:00:00,1705388400,74.0,270.72,-4.67,86.0,0.04,1009.0,0.0,0.0,0.17,0.0,10000.0,228.0,4.94,0.00000
2024-01-16 08:00:00,1705392000,80.0,270.99,-3.94,83.0,0.0,1008.0,0.0,0.0,0.87,0.0,10000.0,235.0,5.21,0.10010
2024-01-16 09:00:00,1705395600,70.0,271.07,-3.75,82.0,0.0,1007.0,0.0,0.0,1.11,0.0,10000.0,238.0,5.42,3.49999
2024-01-16 10:00:00,1705399200,66.0,271.27,-2.93,78.0,0.0,1007.0,0.0,0.0,1.95,0.23,10000.0,239.0,5.9,12.60059
2024-01-16 11:00:00,1705402800,71.0,271.68,-1.79,75.0,0.0,1006.0,0.0,0.0,2.89,0.38,10000.0,238.0,6.02,17.39990
2024-01-16 12:00:00,1705406400,75.0,272.26,-0.64,73.0,0.0,1005.0,0.0,0.0,3.86,0.48,10000.0,239.0,6.21,19.19921
2024-01-16 13:00:00,1705410000,75.0,272.53,-0.15,72.0,0.0,1004.0,0.0,0.0,4.34,0.47,10000.0,240.0,6.52,11.80029
2024-01-16 14:00:00,1705413600,87.0,272.68,0.02,73.0,0.02,1003.0,0.0,0.0,4.3,0.35,10000.0,243.0,5.97,2.70020
2024-01-16 15:00:00,1705417200,91.0,272.61,-0.22,75.0,0.03,1002.0,0.0,0.0,3.95,0.19,10000.0,237.0,5.5,3.60010
2024-01-18 00:00:00,1705536000,20.0,269.08,-6.34,89.0,0.0,1001.0,0.0,0.0,-2.69,0.0,10000.0,275.0,2.62,0.00000
2024-01-18 01:00:00,1705539600,17.0,268.95,-6.66,88.0,0.0,1001.0,0.0,0.0,-2.69,0.0,10000.0,272.0,2.93,0.00000
2024-01-18 02:00:00,1705543200,20.0,268.87,-6.96,87.0,0.0,1002.0,0.0,0.0,-2.63,0.0,10000.0,271.0,3.32,0.00000
2024-01-18 03:00:00,1705546800,18.0,268.6,-6.99,84.0,0.0,1003.0,0.0,0.0,-2.49,0.0,10000.0,278.0,3.56,0.00000
2024-01-18 04:00:00,1705550400,21.0,268.59,-6.67,82.0,0.0,1004.0,0.0,0.0,-2.21,0.0,10000.0,282.0,3.58,0.00000
2024-01-18 05:00:00,1705554000,19.0,267.89,-6.52,83.0,0.0,1006.0,0.0,0.0,-2.27,0.0,10000.0,281.0,3.32,0.00000
2024-01-18 06:00:00,1705557600,18.0,268.0,-6.48,85.0,0.0,1007.0,0.0,0.0,-2.47,0.0,10000.0,276.0,3.01,0.00000
2024-01-18 07:00:00,1705561200,10.0,268.11,-6.37,86.0,0.0,1008.0,0.0,0.0,-2.42,0.0,10000.0,274.0,2.96,0.00000
2024-01-18 08:00:00,1705564800,8.0,268.26,-6.41,87.0,0.0,1009.0,0.0,0.0,-2.49,0.0,10000.0,273.0,2.92,0.10010
2024-01-18 09:00:00,1705568400,8.0,268.51,-6.25,88.0,0.0,1010.0,0.0,0.0,-2.41,0.0,10000.0,274.0,2.85,3.49999
2024-01-18 10:00:00,1705572000,8.0,268.92,-4.52,81.0,0.0,1011.0,0.0,0.0,-0.99,0.21,10000.0,285.0,2.82,12.60059
2024-01-18 11:00:00,1705575600,7.0,269.08,-2.51,72.0,0.0,1012.0,0.0,0.0,0.85,0.38,10000.0,299.0,3.03,17.39990
2024-01-18 12:00:00,1705579200,7.0,268.88,-0.8,63.0,0.0,1013.0,0.0,0.0,2.4,0.48,10000.0,307.0,3.23,19.19921
2024-01-18 13:00:00,1705582800,0.0,269.2,0.32,61.0,0.0,1013.0,0.0,0.0,3.37,0.46,10000.0,304.0,3.31,11.80029
2024-01-18 14:00:00,1705586400,0.0,269.56,0.71,61.0,0.0,1014.0,0.0,0.0,3.68,0.35,10000.0,296.0,3.28,2.70020
2024-01-18 15:00:00,1705590000,1.0,270.1,0.51,65.0,0.0,1014.0,0.0,0.0,3.33,0.19,10000.0,281.0,2.99,3.60010
2024-01-19 00:00:00,1705622400,20.0,271.8,-3.8,89.0,0.0,1018.0,0.0,0.0,0.06,0.0,10000.0,238.0,3.45,0.00000
2024-01-19 01:00:00,1705626000,19.0,271.63,-4.21,90.0,0.0,1018.0,0.0,0.0,-0.25,0.0,10000.0,238.0,3.49,0.00000
2024-01-19 02:00:00,1705629600,18.0,271.22,-4.66,89.0,0.0,1018.0,0.0,0.0,-0.53,0.0,10000.0,239.0,3.63,0.00000
2024-01-19 03:00:00,1705633200,15.0,270.89,-4.98,88.0,0.0,1019.0,0.0,0.0,-0.72,0.0,10000.0,235.0,3.74,0.00000
2024-01-19 04:00:00,1705636800,14.0,270.5,-5.21,86.0,0.0,1019.0,0.0,0.0,-0.84,0.0,10000.0,231.0,3.85,0.00000
2024-01-19 05:00:00,1705640400,13.0,269.46,-5.44,84.0,0.0,1019.0,0.0,0.0,-0.91,0.0,10000.0,230.0,4.05,0.00000
2024-01-19 06:00:00,1705644000,15.0,269.29,-5.21,82.0,0.0,1019.0,0.0,0.0,-0.73,0.0,10000.0,228.0,4.04,0.00000
2024-01-19 07:00:00,1705647600,96.0,269.13,-4.92,79.0,0.0,1019.0,0.0,0.0,-0.37,0.0,10000.0,227.0,4.26,0.00000
2024-01-19 08:00:00,1705651200,95.0,268.99,-5.02,79.0,0.0,1019.0,0.0,0.0,-0.44,0.0,10000.0,225.0,4.29,0.10010
2024-01-19 09:00:00,1705654800,91.0,268.78,-5.06,78.0,0.0,1019.0,0.0,0.0,-0.5,0.0,10000.0,224.0,4.23,3.49999
2024-01-19 10:00:00,1705658400,79.0,268.5,-3.6,69.0,0.0,1019.0,0.0,0.0,0.77,0.21,10000.0,218.0,4.4,12.60059
2024-01-19 11:00:00,1705662000,75.0,267.8,-1.69,58.0,0.0,1019.0,0.0,0.0,2.43,0.37,10000.0,220.0,4.66,17.39990
2024-01-19 12:00:00,1705665600,72.0,268.96,-1.22,60.0,0.0,1019.0,0.0,0.0,3.2,0.5,10000.0,227.0,5.63,19.19921
2024-01-19 13:00:00,1705669200,93.0,269.42,-0.53,60.0,0.0,1019.0,0.0,0.0,3.86,0.49,10000.0,223.0,5.96,11.80029
2024-01-19 14:00:00,1705672800,94.0,269.99,-0.46,61.0,0.0,1018.0,0.0,0.0,4.08,0.34,10000.0,216.0,6.46,2.70020
2024-01-19 15:00:00,1705676400,96.0,270.46,-0.53,63.0,0.0,1018.0,0.0,0.0,4.11,0.18,10000.0,212.0,6.72,3.60010
2024-01-20 00:00:00,1705708800,0.0,275.75,2.34,74.0,0.2,1014.0,0.21,0.0,6.91,0.0,10000.0,209.0,9.14,0.00000
2024-01-20 01:00:00,1705712400,20.0,275.9,2.06,76.0,0.28,1014.0,1.33,0.0,6.67,0.0,10000.0,207.0,9.01,0.00000
2024-01-20 02:00:00,1705716000,40.0,276.24,1.58,79.0,0.3,1014.0,0.56,0.0,6.46,0.0,10000.0,210.0,9.78,0.00000
2024-01-20 03:00:00,1705719600,60.0,277.04,1.15,85.0,0.53,1013.0,0.11,0.0,6.22,0.0,7156.0,210.0,10.21,0.00000
2024-01-20 04:00:00,1705723200,80.0,277.52,0.56,90.0,0.77,1012.0,0.92,0.0,5.88,0.0,6914.0,210.0,10.8,0.00000
2024-01-20 05:00:00,1705726800,100.0,277.38,0.31,93.0,0.95,1012.0,0.2,0.0,5.69,0.0,8055.0,210.0,10.78,0.00000
2024-01-20 06:00:00,1705730400,100.0,277.59,0.57,94.0,0.98,1012.0,0.11,0.0,5.83,0.0,7991.0,208.0,10.46,0.00000
2024-01-20 07:00:00,1705734000,100.0,277.42,0.72,92.0,0.58,1012.0,0.21,0.0,5.9,0.0,8809.0,208.0,10.24,0.00000
2024-01-20 08:00:00,1705737600,100.0,277.46,1.29,90.0,0.52,1012.0,0.17,0.0,6.24,0.0,9603.0,208.0,9.78,0.10010
2024-01-20 09:00:00,1705741200,100.0,277.83,2.01,91.0,0.5,1012.0,0.0,0.0,6.49,0.0,9153.0,202.0,8.35,3.49999
2024-01-20 10:00:00,1705744800,100.0,278.44,2.99,92.0,0.49,1011.0,0.11,0.0,6.99,0.1,8991.0,194.0,7.25,12.60059
2024-01-20 11:00:00,1705748400,100.0,278.98,3.74,91.0,0.53,1011.0,0.0,0.0,7.66,0.05,9359.0,201.0,7.64,17.39990
2024-01-20 12:00:00,1705752000,100.0,279.45,4.29,91.0,0.49,1010.0,0.0,0.0,8.2,0.17,9934.0,209.0,8.15,19.19921
2024-01-20 13:00:00,1705755600,100.0,278.98,4.64,86.0,0.36,1010.0,0.0,0.0,8.46,0.21,10000.0,207.0,8.1,11.80029
2024-01-20 14:00:00,1705759200,100.0,279.49,4.79,90.0,0.28,1008.0,0.0,0.0,8.34,0.11,10000.0,200.0,7.06,2.70020
2024-01-20 15:00:00,1705762800,100.0,279.47,4.82,89.0,0.35,1007.0,0.0,0.0,8.42,0.09,10000.0,196.0,7.31,3.60010
2024-01-21 00:00:00,1705795200,75.0,279.32,5.14,86.0,0.8,1001.0,0.0,0.0,8.37,0.0,10000.0,250.0,6.09,0
2024-01-21 01:00:00,1705798800,80.0,279.17,5.16,87.0,0.21,1001.0,0.0,0.0,8.05,0.0,10000.0,240.0,4.97,0
2024-01-21 02:00:00,1705802400,67.0,278.89,4.42,89.0,0.14,1001.0,0.0,0.0,7.43,0.0,10000.0,232.0,4.89,0
2024-01-21 03:00:00,1705806000,56.0,278.28,3.43,89.0,0.11,1001.0,0.0,0.0,6.81,0.0,10000.0,228.0,5.41,0
2024-01-21 04:00:00,1705809600,61.0,278.13,3.31,88.0,0.21,1001.0,0.0,0.0,6.83,0.0,10000.0,219.0,5.76,0
2024-01-21 05:00:00,1705813200,66.0,277.18,1.57,91.0,0.61,1001.0,1.05,0.0,5.91,0.0,9920.0,215.0,7.33,0
2024-01-21 06:00:00,1705816800,68.0,276.84,1.86,87.0,0.67,1001.0,0.1,0.0,6.21,0.0,10000.0,230.0,7.64,0
2024-01-21 07:00:00,1705820400,100.0,277.57,2.29,90.0,0.41,1001.0,0.0,0.0,6.36,0.0,10000.0,234.0,6.91,0

