True,Predicted
0.0,0.0
0.0,0.0
0.0,0.0
0.0,0.0
0.0,0.0
0.0,0.0
0.0,0.0
0.0,0.0
0.0,0.0
0.0,0.0
0.0,0.0
0.0,0.0
0.0,0.0
0.0,0.0
0.0,0.0
0.0,0.0
0.0,0.0
0.0,0.0
0.0,0.0
0.0,0.0
0.0,0.0
0.0,0.0
0.0,0.0
0.0,0.0
0.0,0.0
0.0,0.0
0.0,0.0
0.0,0.0
0.0,0.0
0.0,0.0
0.0,0.0
0.0684,0.0
0.26673332,0.0
0.48033336,0.0
1.4843999,0.0
2.5672002,1.7305070161819458
3.7258332,3.5250492095947266
4.937667,5.975048065185547
6.1702337,8.088737487792969
7.3830333,9.329141616821289
8.546767,10.203564643859863
9.6636,11.217876434326172
10.6852,12.35763168334961
11.652467,13.390503883361816
12.575934,14.278118133544922
13.435166,15.038544654846191
14.115633,15.592386245727539
14.7808,15.955591201782227
15.334065,16.318689346313477
15.853666,16.851341247558594
16.356068,17.371139526367188
16.751432,17.728124618530273
16.989866,17.883106231689453
17.211634,17.865602493286133
17.452934,17.703176498413086
17.533466,17.476484298706055
17.498335,17.2229061126709
17.368132,16.918283462524414
17.352932,16.581743240356445
17.201735,16.317352294921875
16.8977,16.07602882385254
16.5142,15.803874969482422
16.068167,15.426466941833496
15.592001,14.965746879577637
15.029267,14.489950180053711
14.439366,14.02640438079834
13.771067,13.513967514038086
13.0293,12.905904769897461
12.2406,12.18354606628418
11.354434,11.337458610534668
10.413699,10.39098834991455
9.372333,9.560515403747559
8.3203,8.846601486206055
7.2014003,8.083938598632812
6.0165334,7.216511249542236
4.8059998,6.251306533813477
3.6297333,5.242530345916748
2.5017002,4.2238593101501465
1.5192666,3.2397735118865967
0.7611334,2.279458999633789
0.32186666,1.3459291458129883
0.15446666,0.480720192193985
0.029766666,0.038294002413749695
0.0,0.0
0.0,0.0
0.0,0.05001446604728699
0.0,0.0692165195941925
0.0,0.0
0.0,0.0
0.0,0.0
0.0,0.0
0.0,0.0
0.0,0.0
0.0,0.0
0.0,0.0
0.0,0.0
0.0,0.0
0.0,0.0
0.0,0.0
0.0,0.0
0.0,0.0
0.0,0.0
0.0,0.0
0.0,0.0
0.0,0.0
0.0,0.0
0.0,0.0
0.0,0.0
0.0,0.0
0.0,0.0
0.0,0.0
0.0,0.0
0.0,0.0
0.0,0.0
0.0,0.0
0.0,0.0
0.0,0.0
0.0,0.0
0.0,0.0
0.0,0.0
0.0,0.0
0.0,0.0
0.0,0.0
0.0,0.0
0.0,0.0
0.0,0.0
0.0,0.0
0.06633333,0.0
0.23246668,0.0
0.35973334,0.0
1.5103999,0.0
2.6861336,1.6934230327606201
3.8679333,3.7294600009918213
5.0952,6.428806304931641
6.3231335,8.576104164123535
7.5385327,9.69504165649414
8.7062,10.456657409667969
9.8127,11.506247520446777
10.843034,12.753277778625488
11.778567,13.857036590576172
12.704767,14.740079879760742
13.495033,15.469675064086914
14.232734,15.953975677490234
14.8475,16.230941772460938
15.410234,16.575944900512695
15.876634,17.156049728393555
16.383701,17.67584991455078
16.661167,18.0137996673584
16.984867,18.15046501159668
17.094534,18.08233070373535
17.252565,17.858203887939453
17.313332,17.57984733581543
17.199,17.311399459838867
17.152433,16.9801082611084
17.09,16.62495231628418
16.9098,16.41209602355957
16.740366,16.167123794555664
16.3084,15.881233215332031
15.978333,15.477804183959961
15.454933,15.013326644897461
14.924567,14.549623489379883
14.267466,14.11496639251709
13.649,13.62213134765625
12.947734,13.042871475219727
12.114934,12.350563049316406
11.3007,11.514006614685059
10.400067,10.560921669006348
9.428567,9.713997840881348
8.303567,9.003986358642578
7.1541343,8.227686882019043
6.0279,7.381191253662109
4.8206334,6.464062690734863
3.6244333,5.454339504241943
2.5158331,4.381945610046387
1.5404665,3.354663848876953
0.7861334,2.3633334636688232
0.3224,1.388671875
0.16146664,0.4587594270706177
0.03496666,0.0
-0.00059999997,0.0
0.0,0.0
0.0,0.00023630261421203613
0.0,0.02846871316432953
0.0,0.0
0.0,0.0
0.0,0.0
0.0,0.0
0.0,0.0
0.0,0.0
0.0,0.0
0.0,0.0
0.0,0.0
0.0,0.0
0.0,0.0
0.0,0.0
0.0,0.0
0.0,0.0
0.0,0.0
0.0,0.0
0.0,0.0
0.0,0.0
0.0,0.0
0.0,0.0
0.0,0.0
0.0,0.0
0.0,0.0
0.0,0.0
0.0,0.0
0.0,0.0
0.0,0.0
0.0,0.0
0.0,0.0
0.0,0.0
0.0,0.0
0.0,0.0
0.0,0.0
0.0,0.0
0.0,0.0
0.0,0.0
0.0,0.0
0.0,0.0
-0.00013333333,0.0
0.0,0.0
0.05846667,0.0
0.27546662,0.0
0.44050005,0.0
1.5194666,0.0
2.6608334,1.6863126754760742
3.8115,3.717663049697876
4.9937663,6.388805389404297
6.1700997,8.499799728393555
7.3079,9.5431547164917
8.426534,10.235797882080078
9.4761,11.256939888000488
10.458834,12.502260208129883
11.3262005,13.585714340209961
12.147934,14.4445219039917
12.912533,15.143892288208008
13.612567,15.595476150512695
14.168366,15.803707122802734
14.694135,16.046823501586914
15.1298,16.649961471557617
15.533167,17.240617752075195
15.906234,17.601884841918945
16.257933,17.722789764404297
16.427967,17.653867721557617
16.637033,17.44597816467285
16.857533,17.156457901000977
16.7205,16.888120651245117
16.707466,16.53037452697754
16.5999,16.238632202148438
16.3732,16.074323654174805
16.115067,15.794650077819824
15.922733,15.431866645812988
15.534999,14.99853515625
15.286267,14.551603317260742
14.6912,14.174354553222656
14.008266,13.847748756408691
13.269867,13.381637573242188
12.571401,12.729633331298828
11.908434,11.949463844299316
11.1182995,11.072951316833496
10.261933,10.159247398376465
9.235066,9.365206718444824
8.166467,8.683199882507324
7.0588336,7.947773456573486
5.9177,7.138441562652588
4.7371335,6.259540557861328
3.5487335,5.291656970977783
2.4672666,4.246090412139893
1.5122665,3.257298707962036
0.77000004,2.3017215728759766
0.31746665,1.3507249355316162
0.15626663,0.4348006248474121
0.039133325,0.0
-0.00026666667,0.0
0.0,0.0
0.0,0.06537675857543945
0.0,0.10541769862174988
0.0,0.0
0.0,0.0
0.0,0.0
0.0,0.0
0.0,0.0
0.0,0.0
0.0,0.0
0.0,0.0
0.0,0.0
0.0,0.0
0.0,0.0
0.0,0.0
0.0,0.0
0.0,0.0
0.0,0.0
0.0,0.0
0.0,0.0
0.0,0.0
0.0,0.0
0.0,0.0
0.0,0.0
0.0,0.0
0.0,0.0
0.0,0.0
0.0,0.0
0.0,0.0
0.0,0.0
0.0,0.0
0.0,0.0
0.0,0.0
0.0,0.0
0.0,0.0
0.0,0.0
0.0,0.0
0.0,0.0
0.0,0.0
0.0,0.0
0.0,0.0
0.0,0.0
0.0,0.0
0.0892,0.0
0.26746666,0.0
0.4582667,0.0
1.4494001,0.0
2.5726,1.6660555601119995
3.6894665,3.5135438442230225
4.8504667,6.012964248657227
6.017133,8.091625213623047
7.127466,9.150725364685059
8.203466,9.94076156616211
9.305266,11.021000862121582
10.248933,12.232002258300781
11.1312,13.249205589294434
12.0152,14.095052719116211
12.755134,14.774435997009277
13.378599,15.200398445129395
13.976199,15.378684043884277
14.548667,15.547171592712402
15.136066,16.14148712158203
15.7126,16.798185348510742
16.012335,17.16486358642578
16.244598,17.288188934326172
16.4878,17.298635482788086
16.6772,17.15988540649414
5.6047997,16.890830993652344
0.0,0.0
0.0,0.0
0.0,0.0
0.0,0.0
0.0,0.0
0.0,0.0
0.0,0.0
0.0,0.0
0.0,0.0
0.0,0.0
0.0,0.0
0.0,0.0
0.0,0.0
0.0,0.0
0.0,0.0
0.0,0.0
0.0,0.0
0.0,0.0
0.0,0.0
0.0,0.0
0.0,0.0
0.0,0.0
0.0,0.0
0.0,0.0
0.114833355,0.0
0.28179994,0.0
0.43900004,0.0
1.3757666,0.0
2.6421332,2.1286683082580566
3.8494334,4.0911173820495605
5.090833,6.439570426940918
6.3030667,8.094961166381836
7.4870667,8.995749473571777
8.625934,10.013093948364258
9.707933,11.225430488586426
10.735134,12.30224323272705
11.663867,13.159322738647461
12.528333,13.904009819030762
13.311,14.44714641571045
13.986701,14.716439247131348
14.501765,14.943841934204102
15.1548,15.52824878692627
15.660666,16.16565704345703
16.084633,16.578998565673828
16.460533,16.782678604125977
16.5759,16.869915008544922
16.819967,16.886962890625
16.953434,16.790605545043945
16.955467,16.589374542236328
17.018566,16.26237678527832
17.005966,15.793523788452148
17.095034,15.590472221374512
16.691566,15.582535743713379
16.393166,15.24902629852295
15.996234,14.749683380126953
15.836567,14.299673080444336
15.459001,13.980620384216309
14.915167,13.784480094909668
14.3744335,13.580888748168945
13.6682005,13.156593322753906
13.0735,12.500788688659668
12.354967,11.677132606506348
11.4935665,10.762164115905762
10.58,9.882123947143555
9.5612,9.137826919555664
8.513933,8.539541244506836
7.434433,7.930912017822266
6.2458334,7.246225357055664
5.010867,6.422426223754883
3.8282,5.400783061981201
2.6538665,4.311323642730713
1.6212332,3.337043285369873
0.81563336,2.469681739807129
0.3505,1.626957654953003
0.19639999,0.6388592720031738
0.07999998,0.07934507727622986
0.0028333336,0.0
0.0,0.0
0.0,0.085574671626091
0.0,0.15678270161151886
0.0,0.0
0.0,0.0
0.0,0.0
0.0,0.0
0.0,0.0
0.0,0.0
0.0,0.0
0.0,0.0
0.0,0.0
0.0,0.0
0.0,0.0
0.0,0.0
0.0,0.0
0.0,0.0
0.0,0.0
0.0,0.0
0.0,0.0
0.0,0.0
0.0,0.0
0.0,0.0
0.0,0.0
0.0,0.0
0.0,0.0
0.0,0.0
0.0,0.0
0.0,0.0
0.0,0.0
0.0,0.0
0.0,0.0
0.0,0.0
0.0,0.0
0.0,0.0
0.0,0.0
0.0,0.0
0.0,0.0
0.0,0.0
0.0,0.0
0.0,0.0
-0.00013333333,0.0
0.0,0.0
0.16679998,0.0
0.5030667,0.0
0.8383333,0.0
1.5469334,0.0
2.3262665,2.022538661956787
3.4758,3.5277957916259766
4.670533,5.495120048522949
5.6204667,7.228492259979248
7.5728,8.224424362182617
5.285333,9.300431251525879
4.8543334,9.435646057128906
5.5331335,8.9732666015625
9.5616,8.38572883605957
10.378467,9.825819969177246
12.700133,11.878242492675781
13.3522,13.317069053649902
13.9862,13.849641799926758
14.405533,13.937474250793457
14.8015995,14.04050350189209
15.299132,14.291365623474121
15.624833,14.72895622253418
15.863267,15.197134017944336
16.0482,15.81977367401123
16.143467,15.797645568847656
16.236967,15.467422485351562
16.2681,15.090497016906738
16.2383,14.636151313781738
16.007168,14.414776802062988
16.008598,14.35572624206543
15.854434,14.128835678100586
15.652865,13.784377098083496
15.340433,13.398026466369629
14.8074,13.008190155029297
14.3272,12.545156478881836
13.772301,12.044723510742188
13.3551,11.732389450073242
10.810866,11.491641998291016
12.0926,10.454970359802246
10.6515,9.949538230895996
10.155733,9.404168128967285
6.3722334,8.83455753326416
4.9433665,7.150458812713623
6.313767,5.198476314544678
6.6674337,4.132112979888916
4.444333,4.815384387969971
4.6599665,4.707293510437012
3.2959998,4.107873439788818
1.9610333,3.459566354751587
1.5136667,2.774047374725342
0.9988667,2.1223742961883545
0.49449998,1.6588553190231323
0.16539997,1.349534034729004
0.007833333,1.0167549848556519
0.0,0.8231078386306763
0.0,0.7557052373886108
0.0,0.7045190930366516
0.0,0.0
0.0,0.0
0.0,0.0
0.0,0.0
0.0,0.0
0.0,0.0
0.0,0.0
0.0,0.0
0.0,0.0
0.0,0.0
0.0,0.0
0.0,0.0
0.0,0.0
0.0,0.0
0.0,0.0
0.0,0.0
0.0,0.0
0.0,0.0
0.0,0.0
0.0,0.0
0.0,0.0
0.0,0.0
0.0,0.0
0.0,0.0
0.0,0.0
0.0,0.0
0.0,0.0
0.0,0.0
0.0,0.0
0.0,0.0
0.0,0.0
0.0,0.0
0.0,0.0
0.0,0.0
0.0,0.0
0.0,0.0
0.0,0.0
0.0,0.0
-6.666667e-05,0.0
0.0336,0.0
0.22413334,0.0
0.14106664,0.0
0.20026667,0.0
0.48926663,0.0
0.91953343,0.9082208275794983
1.4816666,1.4587607383728027
2.4415998,2.350074052810669
3.3751335,3.5223052501678467
5.925667,4.799244403839111
8.4106,6.689128875732422
8.65,8.963348388671875
8.869467,10.280915260314941
9.8128,10.818241119384766
7.615533,11.211385726928711
13.4598,11.184104919433594
13.668734,12.656229972839355
15.008867,13.795371055603027
13.717799,14.773699760437012
14.713666,14.905967712402344
14.575734,14.950891494750977
14.179,14.270195007324219
16.601267,14.55417251586914
16.841599,15.62765121459961
17.008667,16.056859970092773
17.085598,16.16887855529785
17.035666,15.968905448913574
16.967667,15.391860961914062
16.821733,14.967729568481445
16.617668,15.036352157592773
16.407133,14.982142448425293
15.982533,14.756674766540527
15.692266,14.521300315856934
15.292268,14.214515686035156
14.714533,13.819174766540527
14.2274,13.339215278625488
13.585466,12.809864044189453
12.8446665,12.269436836242676
12.073267,11.61986255645752
11.222866,11.000358581542969
10.339333,10.239163398742676
9.387733,9.410046577453613
8.324066,8.604793548583984
7.212534,7.827198028564453
6.0836,6.96332311630249
4.9094,6.10615873336792
3.7558002,5.132965564727783
2.6534,4.132437229156494
1.67,3.210911273956299
0.92126673,2.376307725906372
0.4680667,1.6150509119033813
0.24786665,0.8226275444030762
0.10659999,0.33447855710983276
0.0055333334,0.13716018199920654
0.0,0.13927078247070312
0.0,0.20897188782691956
0.0,0.2530348300933838
0.0,0.0
0.0,0.0
0.0,0.0
0.0,0.0
0.0,0.0
0.0,0.0
0.0,0.0
0.0,0.0
0.0,0.0
0.0,0.0
0.0,0.0
0.0,0.0
0.0,0.0
0.0,0.0
0.0,0.0
0.0,0.0
0.0,0.0
0.0,0.0
0.0,0.0
0.0,0.0
0.0,0.0
0.0,0.0
0.0,0.0
0.0,0.0
0.0,0.0
0.0,0.0
0.0,0.0
0.0,0.0
0.0,0.0
0.0,0.0
0.0,0.0
0.0,0.0
0.0,0.0
0.0,0.0
0.0,0.0
0.0,0.0
0.0,0.0
0.0,0.0
-0.00013333333,0.0
0.0,0.0
0.1248,0.0
0.30849993,0.0
0.5071667,0.0
1.3039333,0.0
2.5518668,1.8823106288909912
3.7513335,3.8969759941101074
5.002267,6.395279884338379
6.231,8.200231552124023
7.4867334,9.100639343261719
8.7048,10.068939208984375
9.861934,11.223396301269531
10.907534,12.327394485473633
11.867333,13.255523681640625
12.760932,14.070075035095215
13.566268,14.70631217956543
14.3152,15.058327674865723
14.967533,15.391434669494629
15.542333,15.957626342773438
16.055868,16.485231399536133
16.532536,16.880693435668945
16.926268,17.114267349243164
17.185535,17.213672637939453
17.46667,17.267518997192383
17.578068,17.2205810546875
17.653868,17.04469108581543
17.661068,16.716690063476562
17.645733,16.311525344848633
17.503733,16.060897827148438
17.321665,15.990615844726562
17.156868,15.635285377502441
16.734802,15.175982475280762
16.415533,14.77502155303955
16.004534,14.476385116577148
15.373401,14.265787124633789
14.755199,13.966368675231934
14.179267,13.505949974060059
13.414333,12.852423667907715
12.629532,12.063032150268555
11.791201,11.206541061401367
10.8688,10.396271705627441
9.826734,9.68274211883545
8.7242,9.031548500061035
7.5896664,8.339189529418945
6.3828,7.575708866119385
5.1415,6.702843189239502
3.9409666,5.676334381103516
2.7698,4.594462871551514
1.7075334,3.5762076377868652
0.0,2.639235258102417
0.0,1.740846037864685
0.0,0.7917201519012451
0.0,0.17220234870910645
0.0,0.0
0.0,0.0
0.0,0.0
0.0,0.038949571549892426
0.0,0.0
0.0,0.0
0.0,0.0
0.0,0.0
0.0,0.0
0.0,0.0
0.0,0.0
0.0,0.0
0.0,0.0
0.0,0.0
0.0,0.0
0.0,0.0
0.0,0.0
0.0,0.0
0.0,0.0
0.0,0.0
0.0,0.0
0.0,0.0
0.0,0.0
0.0,0.0
0.0,0.0
0.0,0.0
0.0,0.0
0.0,0.0
0.0,0.0
0.0,0.0
0.0,0.0
0.0,0.0
0.0,0.0
0.0,0.0
0.0,0.0
0.0,0.0
0.0,0.0
0.0,0.0
0.0,0.0
0.0,0.0
0.0,0.0
0.0,0.0
0.0,0.0
0.0,0.0
0.17003332,0.0
0.355,0.0
0.53186667,0.0
1.2880666,0.0
2.4620333,2.013664484024048
3.5873668,4.019542217254639
4.7847667,6.427282333374023
5.9956665,8.061659812927246
7.1874,8.876625061035156
8.380966,9.768560409545898
9.509433,10.882500648498535
10.747867,11.992155075073242
12.637501,12.91934871673584
12.345267,13.736040115356445
13.052667,14.365252494812012
13.768467,14.706219673156738
14.6133995,15.109127044677734
15.283767,15.70433521270752
16.057833,16.113140106201172
15.994368,16.415246963500977
16.317,16.582054138183594
16.608868,16.704177856445312
16.755667,16.879638671875
16.9478,16.900482177734375
16.988733,16.683731079101562
17.101131,16.211313247680664
17.074467,15.638192176818848
16.923666,15.325163841247559
16.716469,15.28357219696045
16.4716,15.053988456726074
16.157066,14.676409721374512
15.826467,14.277848243713379
15.409,13.95095443725586
14.881267,13.687969207763672
14.199201,13.467798233032227
13.608533,13.095788955688477
12.886667,12.490164756774902
12.106067,11.69906234741211
11.287867,10.808235168457031
10.3835335,9.949551582336426
9.453401,9.220460891723633
8.358001,8.600767135620117
7.2609997,7.971179008483887
6.1402664,7.237069606781006
4.9836664,6.381119728088379
3.8243332,5.3910980224609375
2.7074,4.3467183113098145
1.5873333,3.3687071800231934
0.9774667,2.3996970653533936
0.5264,1.5779304504394531
0.29059997,0.7651638984680176
0.20046665,0.2926992177963257
0.01913333,0.13162189722061157
0.0,0.13844335079193115
0.0,0.18625706434249878
0.0,0.20339767634868622
0.0,0.0
0.0,0.0
0.0,0.0
0.0,0.0
0.0,0.0
0.0,0.0
0.0,0.0
0.0,0.0
0.0,0.0
0.0,0.0
0.0,0.0
0.0,0.0
0.0,0.0
0.0,0.0
0.0,0.0
0.0,0.0
0.0,0.0
0.0,0.0
0.0,0.0
0.0,0.0
0.0,0.0
0.0,0.0
0.0,0.0
0.0,0.0
0.0,0.0
0.0,0.0
0.0,0.0
0.0,0.0
0.0,0.0
0.0,0.0
0.0,0.0
0.0,0.0
0.0,0.0
0.0,0.0
0.0,0.0
0.0,0.0
0.0,0.0
0.0,0.0
-0.00013333333,0.0
0.0,0.0
0.13926665,0.0
0.3379333,0.0
0.55480003,0.0
1.2951335,0.0
2.4546664,2.2679083347320557
3.5747335,4.180167198181152
4.7801337,6.344974517822266
5.9664664,7.872511386871338
7.131867,8.728346824645996
8.2394,9.718067169189453
9.294267,10.851858139038086
10.274333,11.885030746459961
11.2246,12.735843658447266
12.069934,13.49030876159668
12.822734,14.04064655303955
13.517866,14.295414924621582
14.111867,14.500204086303711
14.667466,15.056610107421875
15.077867,15.61529541015625
15.594666,15.947009086608887
15.527066,16.095077514648438
16.259867,16.105823516845703
16.383,16.322065353393555
16.38186,16.36036491394043
16.622133,16.151872634887695
16.600733,15.80771255493164
16.560268,15.34557819366455
16.337101,15.025874137878418
16.292534,14.938010215759277
15.841367,14.606151580810547
15.706567,14.110005378723145
15.734467,13.799864768981934
15.348101,13.656839370727539
14.875401,13.520843505859375
14.694734,13.237091064453125
14.5485325,12.784361839294434
14.036968,12.198591232299805
13.676267,11.57658576965332
13.039633,10.918929100036621
11.604966,10.425863265991211
9.9187,10.011314392089844
5.204966,9.412647247314453
3.7042336,7.616117477416992
4.6966333,5.407874584197998
3.8490667,3.99116849899292
1.1939666,3.6096887588500977
1.0821998,2.2000346183776855
0.9900334,1.1032850742340088
0.77410007,0.4471307396888733
0.5796333,0.0665869414806366
0.3667333,0.054080814123153687
0.14249998,0.19038833677768707
0.0056333337,0.1702558994293213
0.0,0.0
0.0,0.0
0.0,0.0
0.0,0.0
0.0,0.0
0.0,0.0
0.0,0.0
0.0,0.0
0.0,0.0
0.0,0.0
0.0,0.0
0.0,0.0
0.0,0.0
0.0,0.0
0.0,0.0
0.0,0.0
0.0,0.0
0.0,0.0
0.0,0.0
0.0,0.0
0.0,0.0
0.0,0.0
0.0,0.0
0.0,0.0
0.0,0.0
0.0,0.0
0.0,0.0
0.0,0.0
0.0,0.0
0.0,0.0
0.0,0.0
0.0,0.0
0.0,0.0
0.0,0.0
0.0,0.0
0.0,0.0
0.0,0.0
0.0,0.0
0.0,0.0
0.0,0.0
0.0,0.0
0.0,0.0
-6.666667e-05,0.0
0.28756666,0.0
1.2257665,0.0
1.5505666,0.0
1.9891334,0.0
1.8302001,2.5180482864379883
1.8318335,3.5032641887664795
2.5871,4.185406684875488
4.5511665,4.455047130584717
6.8080006,5.239960670471191
5.965,7.03562068939209
9.3486,8.140419006347656
8.769166,9.431923866271973
6.6017666,9.604494094848633
10.6947,8.696757316589355
11.3645,9.502130508422852
12.294534,10.67696475982666
14.292899,11.98732852935791
14.142666,12.840534210205078
14.596434,13.24767780303955
15.055433,13.125884056091309
15.9058,13.214542388916016
13.012233,13.743673324584961
11.175033,13.605369567871094
11.495633,13.33747386932373
14.927066,12.369539260864258
15.196834,12.901582717895508
16.194399,13.434353828430176
16.1199,13.315469741821289
16.181034,13.026280403137207
16.3221,12.449860572814941
15.664365,12.206358909606934
12.913533,12.22792911529541
9.524134,12.011700630187988
14.1704,11.016257286071777
12.391733,10.72644329071045
13.442,10.653111457824707
11.786799,10.817892074584961
12.177866,10.371376037597656
11.215066,9.832820892333984
9.9411335,9.233060836791992
6.5397334,8.579452514648438
6.3577332,7.614626407623291
4.711467,6.391267776489258
4.5999336,4.82746696472168
3.1016667,3.7700061798095703
2.1485333,2.984312057495117
1.5324665,2.423161506652832
1.1361333,1.6731783151626587
0.80960006,1.0717179775238037
0.5345,0.7372922301292419
0.2190333,0.6792236566543579
0.03576666,0.7414883375167847
0.0,0.7759453654289246
0.0,0.6771783232688904
0.0,0.5150305032730103
0.0,0.3863689601421356
0.0,0.0
0.0,0.0
0.0,0.0
0.0,0.0
0.0,0.0
0.0,0.0
0.0,0.0
0.0,0.0
0.0,0.0
0.0,0.0
0.0,0.0
0.0,0.0
0.0,0.0
0.0,0.0
0.0,0.0
0.0,0.0
0.0,0.0
0.0,0.0
0.0,0.0
0.0,0.0
0.0,0.0
0.0,0.0
0.0,0.0
0.0,0.0
0.0,0.0
0.0,0.0
0.0,0.0
0.0,0.0
0.0,0.0
0.0,0.0
0.0,0.0
0.0,0.0
0.0,0.0
0.0,0.0
0.0,0.0
0.0,0.0
0.0,0.0
0.0,0.0
0.0,0.0
-6.666666e-05,0.0
0.0,0.0
0.31786668,0.0
0.5438333,0.0
0.694,0.0
1.5231665,1.1227439641952515
1.6790335,1.8472923040390015
4.2183666,2.9097354412078857
4.1937,4.819535255432129
5.6169333,6.312051296234131
7.235234,7.53271484375
8.903367,8.720633506774902
9.968933,10.207695007324219
11.5391,11.474152565002441
10.7719345,12.43474006652832
10.329134,12.1782808303833
10.706134,11.56330394744873
9.4613,10.919918060302734
12.9315,10.527570724487305
15.466033,11.581286430358887
15.896033,13.812786102294922
14.913865,14.424891471862793
15.488633,14.049527168273926
16.176466,13.844388008117676
16.690199,13.95288372039795
16.825998,14.283417701721191
16.477465,14.888652801513672
16.395367,15.212246894836426
16.340666,15.244205474853516
15.3926,15.053839683532715
16.8738,14.19890308380127
14.528866,13.331576347351074
12.505265,12.308926582336426
12.562666,11.544580459594727
11.391133,10.826156616210938
12.020433,10.360260963439941
11.507333,10.477218627929688
9.858867,10.339128494262695
8.924832,9.474239349365234
7.4626336,8.441085815429688
7.9678335,7.281492233276367
8.619033,6.446092128753662
7.6456,6.489964485168457
6.178867,6.7417097091674805
4.3065333,6.278440952301025
4.6238003,5.314453125
3.0379333,4.552471160888672
2.4775667,3.605787992477417
1.4708667,2.89396071434021
1.1969999,2.365283489227295
0.5924,1.8520169258117676
0.08729999,1.40474271774292
0.027699998,1.0403400659561157
0.0,0.7922160625457764
0.0,0.6818627119064331
0.0,0.6518301963806152
0.0,0.7004280090332031
0.0,0.0
0.0,0.0
0.0,0.0
0.0,0.0
0.0,0.0
0.0,0.0
0.0,0.0
0.0,0.0
0.0,0.0
0.0,0.0
0.0,0.0
0.0,0.0
0.0,0.0
0.0,0.0
0.0,0.0
0.0,0.0
0.0,0.0
0.0,0.0
0.0,0.0
0.0,0.0
0.0,0.0
0.0,0.0
0.0,0.0
0.0,0.0
0.0,0.0
0.0,0.0
0.0,0.0
0.0,0.0
0.0,0.0
0.0,0.0
0.0,0.0
0.0,0.0
0.0,0.0
0.0,0.0
0.0,0.0
0.0,0.0
0.0,0.0
0.0,0.0
0.0,0.0
0.0,0.0
0.0,0.0
0.0,0.0
0.0,0.0
6.666667e-05,0.0
0.46373335,0.6488800048828125
2.1258667,1.058733582496643
1.8017335,1.9771320819854736
2.1392002,3.246119976043701
3.4568,4.386999607086182
3.3040667,5.099092960357666
4.1052,5.526976108551025
4.7542334,5.858063697814941
3.3209667,6.3081560134887695
5.824633,6.34114933013916
8.065734,6.562313556671143
6.7540336,7.357547283172607
9.224367,8.036853790283203
9.9097,8.964776992797852
9.611899,9.707743644714355
3.1646667,9.65534496307373
6.3382,8.876436233520508
3.9888332,7.954806327819824
2.3129,6.980007648468018
1.7582334,6.249364376068115
4.886867,5.426510810852051
10.7561,4.857503414154053
10.522333,5.902715682983398
4.6431,8.29903507232666
15.125499,7.41117000579834
16.730333,8.112418174743652
16.936333,10.055127143859863
16.135468,12.189313888549805
15.429933,14.063361167907715
12.371766,15.418553352355957
14.061733,15.722262382507324
13.2486,16.122283935546875
12.483067,15.921096801757812
11.894366,15.176385879516602
12.4628,14.112578392028809
6.3296337,13.155643463134766
6.3757663,11.523929595947266
9.383733,9.860207557678223
5.248034,9.200031280517578
4.398733,8.12621021270752
1.3853334,6.450606346130371
2.1991668,4.124394416809082
3.479167,2.2524731159210205
3.1820333,1.765571117401123
1.2531999,2.208369493484497
0.7589667,2.285731315612793
0.2892333,1.8581722974777222
0.07183333,1.2620121240615845
0.0029666666,0.7892845273017883
0.0,0.4495545029640198
0.0,0.435108482837677
0.0,0.6061182022094727
0.0,0.0
0.0,0.0
0.0,0.0
0.0,0.0
0.0,0.0
0.0,0.0
0.0,0.0
0.0,0.0
0.0,0.0
0.0,0.0
0.0,0.0
0.0,0.0
0.0,0.0
0.0,0.0
0.0,0.0
0.0,0.0
0.0,0.0
0.0,0.0
0.0,0.0
0.0,0.0
0.0,0.0
0.0,0.0
0.0,0.0
0.0,0.0
0.0,0.0
0.0,0.0
0.0,0.0
0.0,0.0
0.0,0.0
0.0,0.0
0.0,0.0
0.0,0.0
0.0,0.0
0.0,0.0
0.0,0.0
0.0,0.0
0.0,0.0
0.0,0.0
0.0,0.0
0.0,0.0
0.1513333,0.0
0.47566673,0.0
0.69806665,0.0
1.3446667,0.0
2.3011,2.1336002349853516
3.2867,3.8117868900299072
4.3553996,5.779426097869873
5.422567,7.19388484954834
6.5115004,8.101900100708008
7.558,9.112180709838867
8.5857,10.205528259277344
9.5651655,11.155803680419922
10.462899,11.961949348449707
11.266033,12.692906379699707
12.018867,13.095071792602539
12.607033,13.307035446166992
13.2348,13.620393753051758
13.796934,14.203902244567871
14.265933,14.615666389465332
14.684433,14.8179292678833
15.077066,14.95150089263916
15.381732,15.175512313842773
15.555066,15.456814765930176
15.837532,15.529632568359375
15.987467,15.362746238708496
16.135067,14.857766151428223
16.425734,14.378506660461426
16.079332,14.000724792480469
9.467467,13.784207344055176
17.126865,12.397420883178711
15.401465,12.803956031799316
15.9736,12.887228012084961
15.191801,12.669677734375
13.724667,12.289894104003906
10.234532,11.707229614257812
14.943532,10.571157455444336
12.715601,10.623116493225098
13.582668,10.57464599609375
11.5858,10.69654369354248
9.3484,9.88685417175293
9.173667,8.668487548828125
7.6572666,7.850048542022705
5.4236665,7.243372917175293
3.3535335,6.350569725036621
2.868,4.754634857177734
2.500333,3.0833959579467773
1.7035334,2.005781412124634
1.1599333,1.4233366250991821
0.8963334,1.0314478874206543
0.6968,0.7500225901603699
0.42443335,0.6305457353591919
0.10973331,0.5212457180023193
0.0049666674,0.34144091606140137
0.0,0.21150806546211243
0.0,0.11724358797073364
0.0,0.08037608861923218
0.0,0.0
0.0,0.0
0.0,0.0
0.0,0.0
0.0,0.0
0.0,0.0
0.0,0.0
0.0,0.0
0.0,0.0
0.0,0.0
0.0,0.0
0.0,0.0
0.0,0.0
0.0,0.0
0.0,0.0
0.0,0.0
0.0,0.0
0.0,0.0
0.0,0.0
0.0,0.0
0.0,0.0
0.0,0.0
0.0,0.0
0.0,0.0
0.0,0.0
0.0,0.0
0.0,0.0
0.0,0.0
0.0,0.0
0.0,0.0
0.0,0.0
0.0,0.0
0.0,0.0
0.0,0.0
0.0,0.0
0.0,0.0
0.0,0.0
0.0,0.0
0.0,0.0
0.04686666,0.0
0.2796,0.0
0.46596673,0.0
0.7171334,0.0
1.2026999,0.0
2.2490003,2.1403560638427734
2.9747,3.4147984981536865
3.9088001,5.017603874206543
4.8984,6.365175247192383
5.9098334,7.319405555725098
7.0510664,8.197203636169434
7.9676,9.093531608581543
9.059234,9.922504425048828
9.387333,10.709981918334961
11.243601,11.295798301696777
10.962466,11.897137641906738
11.562499,11.889418601989746
13.660434,12.336753845214844
13.914667,13.195194244384766
14.889,13.73063850402832
15.770566,14.063468933105469
16.087,14.12458610534668
10.149568,14.2619047164917
9.9608,13.477249145507812
12.961133,12.403834342956543
12.848133,11.851476669311523
8.453834,11.765473365783691
5.7796,10.996323585510254
7.0498667,9.748579978942871
8.120067,8.319225311279297
8.131467,7.204080581665039
3.7869334,6.750646114349365
1.6140667,5.841217041015625
2.1805665,4.349208831787109
3.6214,3.006922721862793
3.2009003,2.336268186569214
7.3081336,2.3270270824432373
2.4467998,3.474973440170288
3.1663668,3.871060371398926
7.567034,3.6234922409057617
10.644966,3.7697975635528564
3.711967,4.980452060699463
2.445567,5.2595672607421875
1.6521332,5.516567230224609
2.5108335,5.263792514801025
1.9207667,4.722767353057861
1.0031333,4.7038187980651855
0.7237334,5.130439281463623
0.7324667,5.257706642150879
0.3198,4.65662145614624
1.0609999,3.9137747287750244
0.9569334,3.323056936264038
0.5484667,2.8355300426483154
0.0488,2.5043396949768066
0.0,2.3500711917877197
0.0,2.256575107574463
0.0,1.6327332258224487
0.0,0.0
0.0,0.0
0.0,0.0
0.0,0.0
0.0,0.0
0.0,0.0
0.0,0.0
0.0,0.0
0.0,0.0
0.0,0.0
0.0,0.0
0.0,0.0
0.0,0.0
0.0,0.0
0.0,0.0
0.0,0.0
0.0,0.0
0.0,0.0
0.0,0.0
0.0,0.0
0.0,0.0
0.0,0.0
0.0,0.0
0.0,0.0
0.0,0.0
0.0,0.0
0.0,0.0
0.0,0.0
0.0,0.0
0.0,0.0
0.0,0.0
0.0,0.0
0.0,0.0
0.0,0.0
0.0,0.0
0.0,0.0
0.0,0.0
0.0,0.0
0.0,0.0
0.0,0.0
0.14096665,0.0
0.24206668,0.0
0.37296662,0.0
1.178,0.0
2.4588335,3.4190168380737305
3.6236,5.559290409088135
4.8542,7.440158843994141
6.093367,8.621956825256348
7.3138003,9.563521385192871
8.507199,10.450608253479004
9.650533,11.460287094116211
10.710667,12.489009857177734
11.669333,13.5322847366333
12.527101,14.436955451965332
13.333567,15.061882972717285
14.078667,15.568279266357422
14.795734,16.13726234436035
15.364833,16.712343215942383
15.795199,17.191055297851562
16.3064,17.59851837158203
16.585335,17.90191078186035
16.868301,18.054548263549805
17.185266,18.052743911743164
17.4634,17.851207733154297
17.525267,17.566038131713867
17.507267,17.2557430267334
17.682001,17.000656127929688
17.486868,16.785083770751953
17.267933,16.589750289916992
17.100134,16.356111526489258
16.7286,16.052474975585938
16.290401,15.693347930908203
15.907466,15.323016166687012
15.429133,14.95492935180664
14.927,14.518796920776367
14.202849,13.988665580749512
13.517401,13.361392974853516
12.767301,12.637101173400879
11.916699,11.7929048538208
11.005266,10.88647174835205
10.004467,10.003531455993652
8.942333,9.190713882446289
7.849334,8.453099250793457
6.6652336,7.721866607666016
5.463033,6.876262187957764
4.244233,5.87423849105835
3.0654333,4.779166221618652
1.9763668,3.713836908340454
1.0845333,2.7522523403167725
0.48483333,1.872030258178711
0.22856666,0.9744452238082886
0.13193332,0.24704694747924805
0.030399999,0.0
0.0,0.0
0.0,0.0
0.0,0.0
0.0,0.0
0.0,0.0
0.0,0.0
0.0,0.0
0.0,0.0
0.0,0.0
0.0,0.0
0.0,0.0
0.0,0.0
0.0,0.0
0.0,0.0
0.0,0.0
0.0,0.0
0.0,0.0
0.0,0.0
0.0,0.0
0.0,0.0
0.0,0.0
0.0,0.0
0.0,0.0
0.0,0.0
0.0,0.0
0.0,0.0
0.0,0.0
0.0,0.0
0.0,0.0
0.0,0.0
0.0,0.0
0.0,0.0
0.0,0.0
0.0,0.0
0.0,0.0
0.0,0.0
0.0,0.0
0.0,0.0
0.0,0.0
0.0,0.0
0.0,0.0
0.0,0.0
0.0,0.0
0.13299999,0.0
0.24246667,0.0
0.31993333,0.0
1.1047333,0.0
2.3794668,3.3424673080444336
3.528,5.38442325592041
4.7387667,7.197815418243408
5.9532332,8.342467308044434
7.1418667,9.234419822692871
8.317634,10.21783447265625
9.440367,11.345949172973633
10.473967,12.410713195800781
11.4402,13.390426635742188
12.313666,14.229599952697754
13.118933,14.822895050048828
13.851267,15.288290023803711
14.480067,15.837043762207031
15.095667,16.46017074584961
15.5625,16.976823806762695
16.002966,17.371044158935547
16.402233,17.629182815551758
16.7154,17.743183135986328
16.9716,17.70306396484375
17.172102,17.4793758392334
17.172565,17.2026309967041
17.218,16.91004753112793
17.2059,16.677820205688477
17.1048,16.45773696899414
16.996532,16.226810455322266
16.608232,15.960670471191406
16.391333,15.637556076049805
16.0457,15.273110389709473
15.655733,14.899565696716309
15.045866,14.522554397583008
14.528099,14.065872192382812
13.8955,13.505492210388184
13.0969,12.828267097473145
12.300567,12.062625885009766
11.482833,11.184403419494629
10.6429,10.267386436462402
9.658033,9.412252426147461
8.5820675,8.65560245513916
7.5295997,7.947169780731201
6.3726335,7.229129791259766
5.228167,6.363327503204346
4.074167,5.348520755767822
2.9431667,4.319472312927246
1.9039999,3.371061086654663
1.0595332,2.501842737197876
0.47796667,1.6921718120574951
0.23833333,0.8976997137069702
0.13559997,0.27381375432014465
0.029399998,0.0013672858476638794
0.0,0.0
0.0,0.08385498076677322
0.0,0.16336855292320251
0.0,0.0
0.0,0.0
0.0,0.0
0.0,0.0
0.0,0.0
0.0,0.0
0.0,0.0
0.0,0.0
0.0,0.0
0.0,0.0
0.0,0.0
0.0,0.0
0.0,0.0
0.0,0.0
0.0,0.0
0.0,0.0
0.0,0.0
0.0,0.0
0.0,0.0
0.0,0.0
0.0,0.0
0.0,0.0
0.0,0.0
0.0,0.0
0.0,0.0
0.0,0.0
0.0,0.0
0.0,0.0
0.0,0.0
0.0,0.0
0.0,0.0
0.0,0.0
0.0,0.0
0.0,0.0
0.0,0.0
0.0,0.0
0.0,0.0
0.0,0.0
0.0,0.0
0.0,0.0
0.12746665,0.0
0.249,0.0
0.3631,0.0
1.0924666,0.0
2.3329332,3.4625818729400635
3.4848332,5.495121955871582
4.6955333,7.30679988861084
5.9178996,8.434755325317383
7.1250334,9.311386108398438
8.285667,10.26539134979248
9.388066,11.339274406433105
10.4038,12.384565353393555
11.3557005,13.384516716003418
12.267034,14.244675636291504
13.076366,14.87177562713623
13.7662325,15.359861373901367
14.435567,15.911191940307617
15.062567,16.487483978271484
15.534767,16.99614906311035
15.984335,17.414852142333984
16.414568,17.71323013305664
16.695034,17.832775115966797
17.000835,17.745220184326172
17.194267,17.525100708007812
17.2566,17.287845611572266
17.230234,17.047054290771484
17.2736,16.87153434753418
17.0828,16.672420501708984
16.921299,16.400711059570312
16.712103,16.10427474975586
16.4326,15.786186218261719
16.118267,15.415661811828613
15.619132,15.00849437713623
15.212833,14.547358512878418
14.653767,14.041954040527344
14.021966,13.514820098876953
13.281499,12.904626846313477
12.5268,12.197982788085938
11.721968,11.383678436279297
10.759367,10.508642196655273
9.8217,9.641434669494629
8.7901,8.829018592834473
7.6947,8.097696304321289
6.515233,7.384405612945557
5.3624,6.542884826660156
4.190933,5.550895690917969
3.0349002,4.514472484588623
1.9744334,3.5228476524353027
1.0976667,2.619558095932007
0.49196666,1.7800101041793823
0.23796669,0.9545094966888428
0.14376666,0.2816624641418457
0.034499995,0.0
0.0,0.0
0.0,0.030632436275482178
0.0,0.1044648289680481
0.0,0.0
0.0,0.0
0.0,0.0
0.0,0.0
0.0,0.0
0.0,0.0
0.0,0.0
0.0,0.0
0.0,0.0
0.0,0.0
0.0,0.0
0.0,0.0
0.0,0.0
0.0,0.0
0.0,0.0
0.0,0.0
0.0,0.0
0.0,0.0
0.0,0.0
0.0,0.0
0.0,0.0
0.0,0.0
0.0,0.0
0.0,0.0
0.0,0.0
0.0,0.0
0.0,0.0
0.0,0.0
0.0,0.0
0.0,0.0
0.0,0.0
0.0,0.0
0.0,0.0
0.0,0.0
0.0,0.0
0.0,0.0
0.0,0.0
0.0,0.0
-0.00013333333,0.0
0.0,0.0
0.11249999,0.0
0.23163334,0.0
0.3315,0.0
1.0767001,0.0
2.3679998,3.322936773300171
3.5130334,5.422632694244385
4.7279334,7.263556957244873
5.955,8.357426643371582
7.1634,9.25561809539795
8.319867,10.35669994354248
9.4366665,11.547770500183105
10.4818,12.619646072387695
11.425067,13.591466903686523
12.331333,14.398392677307129
13.1456,14.967460632324219
13.884068,15.391036987304688
14.572599,15.960153579711914
15.137534,16.644929885864258
15.574266,17.19452667236328
16.034,17.59649085998535
16.431232,17.873262405395508
16.771935,17.970169067382812
16.916868,17.855430603027344
17.133667,17.599063873291016
17.218533,17.329816818237305
17.194733,17.075931549072266
17.190733,16.913389205932617
17.124832,16.719938278198242
16.974167,16.431917190551758
16.632235,16.152856826782227
16.429636,15.842914581298828
16.089869,15.489524841308594
15.670166,15.077296257019043
15.171232,14.630935668945312
14.581201,14.14529037475586
14.0412,13.626138687133789
13.304899,13.032355308532715
12.601767,12.352211952209473
11.779699,11.562851905822754
10.951667,10.722187995910645
9.937267,9.876409530639648
8.856534,9.0600004196167
7.8194337,8.321195602416992
6.6641674,7.634120941162109
5.4712667,6.8300604820251465
4.2837,5.850438594818115
3.1178,4.788721084594727
2.0416667,3.7458407878875732
1.1351666,2.7840590476989746
0.5034,1.8939337730407715
0.23376666,1.0200732946395874
0.13986664,0.2629035711288452
0.041499995,0.0
6.666667e-05,0.0
0.0,0.0
0.0,0.034445494413375854
0.0,0.0
0.0,0.0
0.0,0.0
0.0,0.0
0.0,0.0
0.0,0.0
0.0,0.0
0.0,0.0
0.0,0.0
0.0,0.0
0.0,0.0
0.0,0.0
0.0,0.0
0.0,0.0
0.0,0.0
0.0,0.0
0.0,0.0
0.0,0.0
0.0,0.0
0.0,0.0
0.0,0.0
0.0,0.0
0.0,0.0
0.0,0.0
0.0,0.0
0.0,0.0
0.0,0.0
0.0,0.0
0.0,0.0
0.0,0.0
0.0,0.0
0.0,0.0
0.0,0.0
0.0,0.0
0.0,0.0
0.0,0.0
0.0,0.0
0.0,0.0
-0.00013333333,0.0
0.0,0.0
0.113699995,0.0
0.2379,0.0
0.3713333,0.0
1.0823,0.0
2.3727,3.2779269218444824
3.5097666,5.427282333374023
4.7031994,7.3242692947387695
5.887767,8.407891273498535
7.047933,9.253132820129395
8.181634,10.33206558227539
9.263967,11.548484802246094
10.270633,12.639180183410645
11.196333,13.591971397399902
12.041767,14.353891372680664
12.7872,14.850923538208008
13.472001,15.204904556274414
14.133199,15.763487815856934
14.734633,16.48419189453125
15.234167,17.057125091552734
15.657866,17.460256576538086
16.027666,17.719825744628906
16.269499,17.782489776611328
16.484467,17.62588119506836
16.785168,17.34089469909668
16.882198,17.059354782104492
16.935934,16.813251495361328
16.878033,16.661102294921875
16.851168,16.49258041381836
16.715166,16.211084365844727
16.4619,15.922415733337402
16.2552,15.638750076293945
15.954764,15.311010360717773
15.489467,14.926426887512207
15.017967,14.49139404296875
14.397799,13.98402214050293
13.948266,13.442904472351074
13.332701,12.829345703125
12.507267,12.143048286437988
11.762233,11.3466796875
10.832533,10.504940032958984
9.888367,9.664836883544922
8.832999,8.864629745483398
7.7644005,8.14684772491455
6.6171665,7.464161396026611
5.4622335,6.685484886169434
4.261067,5.75717830657959
3.1073332,4.736513614654541
2.0451334,3.7265772819519043
1.1555666,2.7927796840667725
0.53099996,1.9182811975479126
0.23773335,1.0687490701675415
0.14909998,0.33096909523010254
0.044033326,0.0
0.00019999998,0.0
0.0,0.025006264448165894
0.0,0.10658606886863708
0.0,0.0
0.0,0.0
0.0,0.0
0.0,0.0
0.0,0.0
0.0,0.0
0.0,0.0
0.0,0.0
0.0,0.0
0.0,0.0
0.0,0.0
0.0,0.0
0.0,0.0
0.0,0.0
0.0,0.0
0.0,0.0
0.0,0.0
0.0,0.0
0.0,0.0
0.0,0.0
0.0,0.0
0.0,0.0
0.0,0.0
0.0,0.0
0.0,0.0
0.0,0.0
0.0,0.0
0.0,0.0
0.0,0.0
0.0,0.0
0.0,0.0
0.0,0.0
0.0,0.0
0.0,0.0
0.0,0.0
0.0,0.0
0.0,0.0
0.0,0.0
0.0,0.0
0.0,0.0
0.16573331,0.0
0.46306673,0.0
0.684,0.0
1.2880666,0.0
2.2993333,2.885556221008301
3.2737331,4.806732654571533
4.4373336,6.632762908935547
5.507933,7.836043357849121
6.679066,8.74201774597168
7.6325336,9.832891464233398
8.6656,10.996088027954102
9.606133,12.033891677856445
10.5241,12.923269271850586
11.331933,13.62164306640625
12.0344,14.062546730041504
12.706367,14.363724708557129
13.5984,14.846549034118652
14.139934,15.593863487243652
14.5191,16.208805084228516
15.005667,16.56854248046875
15.2817,16.73931121826172
15.636633,16.751680374145508
15.939466,16.71153450012207
16.025833,16.571134567260742
15.908633,16.351097106933594
16.024532,15.99678897857666
16.035332,15.666215896606445
15.781833,15.423840522766113
15.833034,15.144187927246094
15.696767,14.915778160095215
15.646866,14.682912826538086
15.410666,14.452359199523926
15.083834,14.139583587646484
14.555634,13.73692512512207
13.940433,13.206256866455078
13.140767,12.67799186706543
12.543367,12.106754302978516
11.893366,11.491517066955566
10.992967,10.788738250732422
10.114067,10.005072593688965
9.308368,9.184429168701172
8.360133,8.397290229797363
7.3357,7.695408344268799
6.1673665,7.025697708129883
4.9064,6.219295501708984
3.8539002,5.263538360595703
2.7853332,4.292964935302734
2.0202334,3.34833025932312
1.2804999,2.5341105461120605
0.6951333,1.8118377923965454
0.36273333,1.1470580101013184
0.19969997,0.5860916376113892
0.04336666,0.3086903691291809
-0.0002,0.24065767228603363
0.0,0.29844480752944946
0.0,0.3549821376800537
0.0,0.0
0.0,0.0
0.0,0.0
0.0,0.0
0.0,0.0
0.0,0.0
0.0,0.0
0.0,0.0
0.0,0.0
0.0,0.0
0.0,0.0
0.0,0.0
0.0,0.0
0.0,0.0
0.0,0.0
0.0,0.0
0.0,0.0
0.0,0.0
0.0,0.0
0.0,0.0
0.0,0.0
0.0,0.0
0.0,0.0
0.0,0.0
0.0,0.0
0.0,0.0
0.0,0.0
0.0,0.0
0.0,0.0
0.0,0.0
0.0,0.0
0.0,0.0
0.0,0.0
0.0,0.0
0.0,0.0
0.0,0.0
0.0,0.0
0.0,0.0
0.0,0.0
0.0,0.0
0.12856668,0.0
0.32943326,0.0
0.48320007,0.0
1.069,0.0
2.2293003,2.8686487674713135
3.2825,4.779471397399902
4.4065332,6.711794376373291
5.5416336,7.9342851638793945
6.661866,8.757977485656738
7.7706337,9.789104461669922
8.840799,10.959716796875
9.8435335,12.035326957702637
10.741633,12.963406562805176
11.563933,13.707414627075195
12.3634,14.182026863098145
13.062029,14.482888221740723
13.735534,14.989033699035645
14.3132,15.73364543914795
14.795466,16.358720779418945
15.252999,16.79669761657715
15.607865,17.07460594177246
15.9464,17.155353546142578
16.066032,17.05828094482422
16.282133,16.855161666870117
16.436901,16.628868103027344
16.299831,16.39722442626953
16.502068,16.212858200073242
16.3951,16.046749114990234
16.392033,15.808791160583496
16.084433,15.525166511535645
15.781133,15.271525382995605
15.215768,14.968019485473633
15.141634,14.542784690856934
14.6187,14.111255645751953
14.083334,13.635034561157227
13.577633,13.105895042419434
13.119066,12.494772911071777
12.399667,11.811030387878418
11.931467,11.027825355529785
10.841332,10.238883972167969
7.832,9.491857528686523
8.563601,8.238722801208496
7.5214,7.6400909423828125
6.4221334,7.206289768218994
5.2558,6.52484130859375
4.139867,5.505047798156738
2.9115334,4.3770012855529785
2.0244668,3.2656822204589844
1.1971667,2.4662468433380127
0.5759667,1.8337218761444092
0.31166664,1.1939126253128052
0.17766665,0.564537763595581
0.049133327,0.21685540676116943
0.00013333333,0.08533820509910583
0.0,0.11740817129611969
0.0,0.1912139505147934
0.0,0.0
0.0,0.0
0.0,0.0
0.0,0.0
0.0,0.0
0.0,0.0
0.0,0.0
0.0,0.0
0.0,0.0
0.0,0.0
0.0,0.0
0.0,0.0
0.0,0.0
0.0,0.0
0.0,0.0
0.0,0.0
0.0,0.0
0.0,0.0
0.0,0.0
0.0,0.0
0.0,0.0
0.0,0.0
0.0,0.0
0.0,0.0
0.0,0.0
0.0,0.0
0.0,0.0
0.0,0.0
0.0,0.0
0.0,0.0
0.0,0.0
0.0,0.0
0.0,0.0
0.0,0.0
0.0,0.0
0.0,0.0
0.0,0.0
0.0,0.0
0.0,0.0
0.0,0.0
0.12563333,0.0
0.26043332,0.0
0.43680003,0.0
0.99810004,0.0
2.1486,3.2411623001098633
3.2049668,5.097305774688721
4.3447,6.829895973205566
5.4985332,7.89534330368042
6.6330333,8.773664474487305
7.716867,9.850692749023438
8.7851,11.001014709472656
9.826834,12.043416976928711
10.735267,12.96648120880127
11.526234,13.69599723815918
12.3019,14.139233589172363
13.040168,14.375085830688477
13.633934,14.803290367126465
14.1974,15.503546714782715
14.702767,16.090839385986328
15.118534,16.494152069091797
15.502001,16.77088165283203
15.791,16.86248016357422
15.951936,16.80691909790039
16.1007,16.64715576171875
16.220432,16.43412971496582
16.225935,16.2021541595459
16.3741,16.020986557006836
16.329498,15.848262786865234
16.138334,15.592789649963379
15.837034,15.29906940460205
15.460935,15.042490005493164
15.128432,14.678482055664062
15.0162,14.223958015441895
14.678732,13.865328788757324
14.251,13.416851043701172
13.786332,12.919124603271484
13.012466,12.30740737915039
12.181634,11.689844131469727
11.435634,11.028937339782715
10.6436,10.315101623535156
9.6687,9.527164459228516
8.6181,8.682990074157715
7.639934,7.87191915512085
6.6245337,7.168476581573486
5.5968003,6.468639850616455
4.3757668,5.677273750305176
2.0439,4.781787395477295
1.7177,3.2240095138549805
1.2278,2.1482059955596924
0.60516673,1.536699652671814
0.29863328,1.0581485033035278
0.17919996,0.5329867601394653
0.048499994,0.2098209708929062
0.0003333333,0.031057551503181458
0.0,0.01071498915553093
0.0,0.08610934019088745
0.0,0.0
0.0,0.0
0.0,0.0
0.0,0.0
0.0,0.0
0.0,0.0
0.0,0.0
0.0,0.0
0.0,0.0
0.0,0.0
0.0,0.0
0.0,0.0
0.0,0.0
0.0,0.0
0.0,0.0
0.0,0.0
0.0,0.0
0.0,0.0
0.0,0.0
0.0,0.0
0.0,0.0
0.0,0.0
0.0,0.0
0.0,0.0
0.0,0.0
0.0,0.0
0.0,0.0
0.0,0.0
0.0,0.0
0.0,0.0
0.0,0.0
0.0,0.0
0.0,0.0
0.0,0.0
0.0,0.0
0.0,0.0
0.0,0.0
0.0,0.0
0.0,0.0
0.0,0.0
0.12466665,0.0
0.26043332,0.0
0.441,0.0
1.0209999,0.0
2.1808333,3.0353291034698486
3.2360332,4.9054107666015625
4.3693337,6.730587005615234
5.5128665,7.84881067276001
6.6552,8.69472885131836
7.7588005,9.791707038879395
8.825633,10.991399765014648
9.850699,12.053312301635742
10.774767,12.974102973937988
11.565867,13.700922012329102
12.3126335,14.128344535827637
13.023967,14.359031677246094
13.626066,14.829099655151367
14.191,15.580941200256348
14.636432,16.196802139282227
15.014335,16.615379333496094
15.325867,16.878137588500977
15.6605,16.925281524658203
15.963635,16.822998046875
16.198067,16.62801170349121
16.2453,16.42333984375
16.359434,16.23248863220215
16.5045,16.086959838867188
16.404533,15.919702529907227
16.259932,15.638121604919434
16.0293,15.330228805541992
15.673034,15.0842924118042
15.387099,14.83705997467041
14.831666,14.495630264282227
14.7217,14.017205238342285
14.258232,13.529479026794434
13.531367,12.98463249206543
12.815166,12.374577522277832
12.128966,11.692439079284668
11.319233,10.934930801391602
10.493934,10.144930839538574
9.626767,9.370146751403809
8.6019335,8.632548332214355
6.8373,7.947567462921143
6.4118667,7.081533908843994
5.4447,6.34099817276001
4.275,5.587825298309326
3.1577,4.717002868652344
2.1213334,3.7840328216552734
1.2459999,2.8571064472198486
0.6330334,1.9721410274505615
0.2965666,1.2084133625030518
0.18056665,0.5793036222457886
0.063399985,0.25797224044799805
0.00066666666,0.15997019410133362
0.0,0.19963569939136505
0.0,0.2541046142578125
0.0,0.0
0.0,0.0
0.0,0.0
0.0,0.0
0.0,0.0
0.0,0.0
0.0,0.0
0.0,0.0
0.0,0.0
0.0,0.0
0.0,0.0
0.0,0.0
0.0,0.0
0.0,0.0
0.0,0.0
0.0,0.0
0.0,0.0
0.0,0.0
0.0,0.0
0.0,0.0
0.0,0.0
0.0,0.0
0.0,0.0
0.0,0.0
0.0,0.0
0.0,0.0
0.0,0.0
0.0,0.0
0.0,0.0
0.0,0.0
0.0,0.0
0.0,0.0
0.0,0.0
0.0,0.0
0.0,0.0
0.0,0.0
0.0,0.0
0.0,0.0
0.0,0.0
0.0,0.0
0.116033345,0.0
0.32566667,0.0
0.53033334,0.0
1.0467668,0.0
2.1108003,2.952754259109497
3.1073334,4.8079681396484375
4.2029,6.539216041564941
5.312667,7.589230060577393
6.403733,8.410866737365723
7.4938,9.442221641540527
8.579967,10.567052841186523
9.580966,11.608602523803711
10.501467,12.508830070495605
11.291166,13.248224258422852
11.991234,13.72646713256836
12.6235,14.0037260055542
13.2162,14.434762001037598
13.805833,15.064130783081055
14.290434,15.620488166809082
14.730668,16.0231876373291
15.1556,16.277429580688477
15.354933,16.359281539916992
15.5524,16.381380081176758
15.644133,16.268115997314453
15.825432,16.051250457763672
15.920733,15.815074920654297
15.8586,15.599538803100586
15.9612665,15.338811874389648
15.786366,15.042336463928223
15.4879,14.698470115661621
15.210633,14.41317081451416
14.949266,14.117938995361328
14.816801,13.79854679107666
14.146334,13.424683570861816
13.650132,12.912516593933105
13.2894335,12.351524353027344
12.819766,11.770503044128418
12.048766,11.173460960388184
11.3468,10.506070137023926
10.589667,9.803093910217285
9.806334,9.105744361877441
8.778934,8.468145370483398
7.782867,7.87473726272583
6.7762666,7.260199546813965
5.239,6.591813087463379
4.7563334,5.610716342926025
2.6910002,4.725287437438965
1.3990666,3.157503366470337
0.8232667,1.5974962711334229
0.4684667,0.5706647038459778
0.20273331,0.178966224193573
0.13359997,0.15939892828464508
0.02213333,0.20333853363990784
0.0,0.20025888085365295
0.0,0.15850254893302917
0.0,0.07172219455242157
0.0,0.0
0.0,0.0
0.0,0.0
0.0,0.0
0.0,0.0
0.0,0.0
0.0,0.0
0.0,0.0
0.0,0.0
0.0,0.0
0.0,0.0
0.0,0.0
0.0,0.0
0.0,0.0
0.0,0.0
0.0,0.0
0.0,0.0
0.0,0.0
0.0,0.0
0.0,0.0
0.0,0.0
0.0,0.0
0.0,0.0
0.0,0.0
0.0,0.0
0.0,0.0
0.0,0.0
0.0,0.0
0.0,0.0
0.0,0.0
0.0,0.0
0.0,0.0
0.0,0.0
0.0,0.0
0.0,0.0
0.0,0.0
0.0,0.0
0.0,0.0
-6.666667e-05,0.0
0.0053333333,0.0
0.22096665,0.0
0.52043337,0.0
0.83963335,0.0
1.3346,0.0
2.1427333,2.6782784461975098
3.0187664,4.315838813781738
4.0181336,5.962467670440674
5.0709333,7.094213485717773
6.1287665,7.987762928009033
7.1984,8.978616714477539
8.1996,10.023794174194336
9.1833,10.99682903289795
10.106199,11.867388725280762
10.8921,12.597098350524902
11.629033,13.079595565795898
12.321633,13.39782428741455
12.927266,13.81794548034668
13.4249325,14.361581802368164
13.978367,14.874942779541016
14.450733,15.306168556213379
14.845133,15.593608856201172
15.192667,15.789626121520996
15.636499,16.00918960571289
16.595835,15.94845199584961
8.246399,15.687835693359375
17.187035,13.878571510314941
17.832699,14.09921646118164
10.640933,14.887062072753906
5.0157332,13.14090347290039
10.0401325,10.655447959899902
15.968198,9.196680068969727
11.205699,11.126484870910645
10.648,11.152850151062012
4.3017,10.20157241821289
3.2544334,8.020381927490234
3.3122666,5.790993690490723
3.3046336,3.589885711669922
4.8806667,2.575364828109741
5.7539334,3.0607213973999023
8.402634,3.632904052734375
8.130601,4.432159900665283
9.6202,4.773207664489746
4.2172666,4.935060977935791
3.8943,4.910984516143799
3.1143665,5.123663902282715
2.5156333,5.205855369567871
4.286967,5.1180853843688965
2.9465666,5.765480041503906
1.6014665,6.021260738372803
0.7618333,5.555194854736328
0.3808667,4.394590377807617
0.15416664,2.8787615299224854
0.028666664,2.2122886180877686
0.0,2.1999456882476807
0.0,2.1450254917144775
0.0,1.7657756805419922
0.0,0.0
0.0,0.0
0.0,0.0
0.0,0.0
0.0,0.0
0.0,0.0
0.0,0.0
0.0,0.0
0.0,0.0
0.0,0.0
0.0,0.0
0.0,0.0
0.0,0.0
0.0,0.0
0.0,0.0
0.0,0.0
0.0,0.0
0.0,0.0
0.0,0.0
0.0,0.0
0.0,0.0
0.0,0.0
0.0,0.0
0.0,0.0
0.0,0.0
0.0,0.0
0.0,0.0
0.0,0.0
0.0,0.0
0.0,0.0
0.0,0.0
0.0,0.0
0.0,0.0
0.0,0.0
0.0,0.0
0.0,0.0
0.0,0.0
0.0,0.0
0.0,0.0
0.0,0.0
0.12046665,0.0
0.37226668,0.0
0.5915333,0.0
1.0804,0.0
2.0332665,2.8403191566467285
2.986,4.464481353759766
4.0464,6.156072616577148
5.1423335,7.3262763023376465
6.2630334,8.182424545288086
7.3723664,9.163293838500977
8.4381,10.24300479888916
9.45,11.281838417053223
10.385533,12.212017059326172
11.2428665,13.007521629333496
12.032733,13.513322830200195
12.747273,13.786032676696777
13.432599,14.162652015686035
14.1158,14.756728172302246
14.589567,15.289277076721191
15.050867,15.66037368774414
15.420899,15.91847038269043
15.760833,16.08367347717285
15.923799,16.240999221801758
16.163935,16.219480514526367
16.223167,16.07054328918457
16.353533,15.840200424194336
16.265533,15.591208457946777
16.096567,15.353978157043457
16.073065,15.110466957092285
15.906301,14.816762924194336
15.615399,14.530815124511719
15.243502,14.218003273010254
14.855832,13.857857704162598
14.330034,13.446160316467285
13.788533,12.936067581176758
11.9792,12.337153434753418
12.5805,11.342066764831543
11.7165,10.74344253540039
10.768233,10.167031288146973
9.516167,9.443591117858887
8.5189,8.458724021911621
7.1846666,7.50921630859375
6.245267,6.521581649780273
5.0717998,5.690959453582764
4.0835,4.908414840698242
3.0696335,4.123812198638916
2.4647667,3.30126690864563
2.0272667,2.5712413787841797
1.3945999,2.0042171478271484
0.87219995,1.5543978214263916
0.4443667,1.2461081743240356
0.20313333,1.04202139377594
0.054133326,0.9048457145690918
0.0,0.8240439891815186
0.0,0.7763819098472595
0.0,0.7141126990318298
0.0,0.0
0.0,0.0
0.0,0.0
0.0,0.0
0.0,0.0
0.0,0.0
0.0,0.0
0.0,0.0
0.0,0.0
0.0,0.0
0.0,0.0
0.0,0.0
0.0,0.0
0.0,0.0
0.0,0.0
0.0,0.0
0.0,0.0
0.0,0.0
0.0,0.0
0.0,0.0
0.0,0.0
0.0,0.0
0.0,0.0
0.0,0.0
0.0,0.0
0.0,0.0
0.0,0.0
0.0,0.0
0.0,0.0
0.0,0.0
0.0,0.0
0.0,0.0
0.0,0.0
0.0,0.0
0.0,0.0
0.0,0.0
0.0,0.0
0.0,0.0
0.0,0.0
-6.666667e-05,0.0
0.0,0.0
0.33580002,0.0
0.6237334,0.0
0.9628001,0.0
1.0611334,1.632954716682434
1.9537332,2.3386011123657227
2.2413335,3.2246320247650146
1.8088667,4.077610015869141
2.4861333,4.497738361358643
4.1148,4.64768648147583
8.742467,5.187531471252441
10.623533,7.539834976196289
11.476067,10.124646186828613
10.2628,11.528975486755371
12.6504,11.74935531616211
13.338265,12.541912078857422
12.4206,13.701323509216309
13.535734,14.091084480285645
14.559532,14.897651672363281
11.1096,15.262730598449707
12.777733,13.919534683227539
14.382366,12.766963005065918
16.306234,13.029117584228516
16.678967,14.524187088012695
16.454332,15.41228199005127
15.6364,15.432611465454102
10.6545,14.738404273986816
11.673734,12.920331001281738
16.569134,11.990314483642578
16.045269,12.93005657196045
15.746232,13.46512508392334
15.4284,13.354546546936035
15.233066,12.965628623962402
12.828835,12.639782905578613
11.298533,11.764262199401855
13.8598,11.008865356445312
14.2300005,11.047207832336426
12.389234,11.2053861618042
10.139066,11.108268737792969
8.294065,10.306720733642578
8.2946005,8.990019798278809
5.4580336,7.824296474456787
3.7391002,5.993851661682129
2.9747667,4.35465145111084
2.933,2.77477765083313
3.4823332,2.0274901390075684
3.7868998,2.0927369594573975
3.4468665,2.5364491939544678
2.3768668,2.861088275909424
1.3177333,2.856750011444092
1.0502,2.2413902282714844
0.6151,1.83522629737854
0.17479996,1.7011394500732422
0.00013333333,1.6213831901550293
0.0,1.4719477891921997
0.0,1.3455225229263306
0.0,0.0
0.0,0.0
0.0,0.0
0.0,0.0
0.0,0.0
0.0,0.0
0.0,0.0
0.0,0.0
0.0,0.0
0.0,0.0
0.0,0.0
0.0,0.0
0.0,0.0
0.0,0.0
0.0,0.0
0.0,0.0
0.0,0.0
0.0,0.0
0.0,0.0
0.0,0.0
0.0,0.0
0.0,0.0
0.0,0.0
0.0,0.0
0.0,0.0
0.0,0.0
0.0,0.0
0.0,0.0
0.0,0.0
0.0,0.0
0.0,0.0
0.0,0.0
0.0,0.0
0.0,0.0
0.0,0.0
0.0,0.0
0.0,0.0
0.0,0.0
0.0,0.0
0.0068000006,0.0
0.07976665,0.0
0.06326665,0.0
0.21466665,0.0
0.46803334,0.0
0.75666666,1.1223787069320679
0.7399333,1.831957459449768
1.1678667,2.696791648864746
2.1308,3.459613800048828
3.2976332,4.082038879394531
3.122567,4.873462200164795
3.9447668,5.457745552062988
3.109534,5.933164119720459
3.8591337,5.8990020751953125
7.7903,5.648500442504883
8.346,6.184964656829834
6.182367,7.482154846191406
5.742967,7.9596123695373535
7.4664993,7.673351287841797
8.677667,7.34693717956543
7.5712333,7.593780517578125
9.505567,7.802115440368652
14.697666,8.286246299743652
9.651833,10.72865104675293
11.600766,10.265703201293945
15.667134,9.82315731048584
15.741265,10.638011932373047
16.2692,11.703319549560547
15.801933,14.356029510498047
15.088334,15.321643829345703
9.735733,15.594392776489258
15.5132675,14.322223663330078
15.534932,14.257665634155273
14.849133,14.91069221496582
14.399134,14.775477409362793
13.810333,14.263647079467773
13.4132,13.453131675720215
12.826401,12.655363082885742
12.103067,12.291017532348633
11.357734,12.00036334991455
10.531533,11.365975379943848
9.634534,10.620372772216797
8.6394005,9.833988189697266
7.6120663,9.042083740234375
6.5392,8.149638175964355
5.4544,7.117212295532227
4.3599334,6.105538845062256
3.3012667,5.167477607727051
2.3321333,4.036475658416748
1.4342667,3.0528626441955566
0.7863334,2.195221424102783
0.44953334,1.4317339658737183
0.27599996,0.80185866355896
0.10806665,0.4423322081565857
0.00039999993,0.27598196268081665
0.0,0.27862998843193054
0.0,0.2777356505393982
0.0,0.0
0.0,0.0
0.0,0.0
0.0,0.0
0.0,0.0
0.0,0.0
0.0,0.0
0.0,0.0
0.0,0.0
0.0,0.0
0.0,0.0
0.0,0.0
0.0,0.0
0.0,0.0
0.0,0.0
0.0,0.0
0.0,0.0
0.0,0.0
0.0,0.0
0.0,0.0
0.0,0.0
0.0,0.0
0.0,0.0
0.0,0.0
0.0,0.0
0.0,0.0
0.0,0.0
0.0,0.0
0.0,0.0
0.0,0.0
0.0,0.0
0.0,0.0
0.0,0.0
0.0,0.0
0.0,0.0
0.0,0.0
0.0,0.0
0.0,0.0
0.0,0.0
0.0,0.0
0.11263333,0.0
0.2756333,0.0
0.38483334,0.0
0.83030003,0.0
2.0570335,2.9795095920562744
3.1675,5.056333065032959
4.3426666,7.000331401824951
5.5285335,8.089125633239746
6.7075667,8.906481742858887
7.846767,9.973798751831055
8.959032,11.16834831237793
10.036267,12.297334671020508
11.001966,13.280370712280273
11.893967,14.062968254089355
12.7494335,14.552383422851562
13.4333,14.927386283874512
14.086433,15.534908294677734
14.695702,16.209272384643555
15.236767,16.74754524230957
15.682134,17.142822265625
16.160866,17.386995315551758
16.367933,17.44212532043457
16.6757,17.35055160522461
16.993834,17.236143112182617
17.055399,17.08328628540039
17.206734,16.87549591064453
17.156233,16.672130584716797
17.029766,16.463552474975586
16.888666,16.194612503051758
16.6149,15.939566612243652
16.262733,15.69136905670166
15.958366,15.373392105102539
15.662934,14.975351333618164
15.168634,14.50461483001709
14.706866,14.00463581085205
14.171066,13.494765281677246
13.427601,12.928174018859863
12.714234,12.289290428161621
11.956667,11.558819770812988
11.101067,10.833173751831055
10.215867,10.120548248291016
9.240967,9.394104957580566
8.139167,8.65362548828125
7.110533,7.898375988006592
5.861533,7.1208977699279785
4.6793,6.225455284118652
3.5014336,5.273736953735352
2.4422,4.265738010406494
1.3500668,3.265556573867798
0.68593335,2.2073469161987305
0.28956667,1.3224916458129883
0.21590002,0.48420727252960205
0.09659998,0.036705970764160156
0.0022666664,0.0
0.0,0.0
0.0,0.0
0.0,0.0
0.0,0.0
0.0,0.0
0.0,0.0
0.0,0.0
0.0,0.0
0.0,0.0
0.0,0.0
0.0,0.0
0.0,0.0
0.0,0.0
0.0,0.0
0.0,0.0
0.0,0.0
0.0,0.0
0.0,0.0
0.0,0.0
0.0,0.0
0.0,0.0
0.0,0.0
0.0,0.0
0.0,0.0
0.0,0.0
0.0,0.0
0.0,0.0
0.0,0.0
0.0,0.0
0.0,0.0
0.0,0.0
0.0,0.0
0.0,0.0
0.0,0.0
0.0,0.0
0.0,0.0
0.0,0.0
0.0,0.0
0.0,0.0
0.0,0.0
-0.00013333333,0.0
0.0,0.0
0.084533334,0.0
0.23020001,0.0
0.34919995,0.0
0.77853334,0.0
1.9995999,2.9227490425109863
3.0955334,4.887853145599365
4.2573333,6.791248321533203
5.422867,7.9066081047058105
6.5761995,8.734370231628418
7.6909337,9.815008163452148
8.776466,11.035843849182129
9.794333,12.154211044311523
10.729733,13.085020065307617
11.586866,13.836297035217285
12.364,14.315227508544922
13.056732,14.624598503112793
13.660601,15.179702758789062
14.279734,15.872328758239746
14.739934,16.41018295288086
15.230466,16.788944244384766
15.568133,17.018939971923828
15.912233,17.06805992126465
16.195168,17.011383056640625
16.514433,16.927167892456055
16.603165,16.80900764465332
16.671999,16.625783920288086
16.798834,16.422164916992188
16.705002,16.22284507751465
16.519966,15.96761417388916
16.403368,15.725492477416992
16.131634,15.477685928344727
15.735766,15.165654182434082
15.169534,14.76302433013916
14.876966,14.273080825805664
14.247398,13.7417631149292
13.7246,13.194314002990723
13.2282,12.58647632598877
12.495934,11.945853233337402
11.7444,11.225004196166992
10.9432,10.484776496887207
9.981133,9.765914916992188
8.964933,9.043998718261719
7.9395328,8.321523666381836
6.842333,7.624484539031982
5.720333,6.859175682067871
4.5633335,5.971554279327393
3.4522,5.036121845245361
2.3783998,4.076452255249023
1.4237999,3.1015663146972656
0.6878667,2.188248872756958
0.3588,1.325531244277954
0.1866,0.6216744184494019
0.04879999,0.1914207637310028
0.0,0.019730105996131897
0.0,0.028408102691173553
0.0,0.08988060802221298
0.0,0.0
0.0,0.0
0.0,0.0
0.0,0.0
0.0,0.0
0.0,0.0
0.0,0.0
0.0,0.0
0.0,0.0
0.0,0.0
0.0,0.0
0.0,0.0
0.0,0.0
0.0,0.0
0.0,0.0
0.0,0.0
0.0,0.0
0.0,0.0
0.0,0.0
0.0,0.0
0.0,0.0
0.0,0.0
0.0,0.0
0.0,0.0
0.0,0.0
0.0,0.0
0.0,0.0
0.0,0.0
0.0,0.0
0.0,0.0
0.0,0.0
0.0,0.0
0.0,0.0
0.0,0.0
0.0,0.0
0.0,0.0
0.0,0.0
0.0,0.0
-0.00013333333,0.0
0.0,0.0
0.0712,0.0
0.258,0.0
0.3657333,0.0
0.80793333,0.0
1.9779665,2.863766670227051
3.0654,4.760773658752441
4.233333,6.65233039855957
5.4209666,7.786839485168457
6.5976005,8.584233283996582
7.7752333,9.613179206848145
8.946,10.773276329040527
9.731999,11.857399940490723
11.279999,12.67133903503418
12.053767,13.473965644836426
13.2359,13.931303024291992
14.044834,14.253491401672363
14.859366,14.69858455657959
13.3838005,15.101804733276367
11.652067,14.943948745727539
16.398867,14.357823371887207
14.706667,14.860847473144531
16.5402,14.694585800170898
9.909901,14.834648132324219
14.635334,13.113707542419434
14.236833,12.534886360168457
13.6796,12.25282096862793
17.113531,12.14613151550293
13.0449,13.211585998535156
10.008433,12.345328330993652
14.857932,10.874765396118164
17.464767,10.840386390686035
16.639233,12.233789443969727
15.709233,12.526557922363281
15.250067,12.017159461975098
14.846933,11.851714134216309
14.058034,11.779497146606445
13.062867,11.981175422668457
11.855733,12.0326566696167
11.770199,11.613741874694824
11.331367,11.085025787353516
5.287033,10.47657299041748
3.2648003,8.441842079162598
3.510533,5.8644185066223145
2.8189998,3.480642795562744
2.7061667,2.2393641471862793
3.2557,1.9815731048583984
2.2931333,2.2264931201934814
1.6271,1.875699758529663
1.5262334,1.4944533109664917
1.0791,1.285688877105713
0.6567667,1.0988495349884033
0.4203667,1.0873148441314697
0.18733332,1.245782732963562
0.017833333,1.2066298723220825
0.0,1.0631093978881836
0.0,1.0419261455535889
0.0,0.0
0.0,0.0
0.0,0.0
0.0,0.0
0.0,0.0
0.0,0.0
0.0,0.0
0.0,0.0
0.0,0.0
0.0,0.0
0.0,0.0
0.0,0.0
0.0,0.0
0.0,0.0
0.0,0.0
0.0,0.0
0.0,0.0
0.0,0.0
0.0,0.0
0.0,0.0
0.0,0.0
0.0,0.0
0.0,0.0
0.0,0.0
0.0,0.0
0.0,0.0
0.0,0.0
0.0,0.0
0.0,0.0
0.0,0.0
0.0,0.0
0.0,0.0
0.0,0.0
0.0,0.0
0.0,0.0
0.0,0.0
0.0,0.0
0.0,0.0
0.0,0.0
0.0,0.0
0.10346667,0.0
0.26346663,0.0
0.45240003,0.0
0.9621333,0.0
1.9326665,2.734323501586914
3.2559998,4.476190090179443
4.2944665,6.307833671569824
5.2182,7.501552581787109
6.2522664,8.330727577209473
7.331333,9.339973449707031
8.3926,10.450387001037598
9.4402,11.490299224853516
10.343132,12.40842056274414
11.143067,13.125085830688477
11.9208,13.46385669708252
12.67,13.582926750183105
13.409999,14.059758186340332
13.978134,14.783143043518066
14.463866,15.368029594421387
14.886465,15.743480682373047
15.300266,15.930444717407227
15.609566,16.030914306640625
15.845633,16.122814178466797
16.0266,16.115995407104492
16.172234,16.052278518676758
16.296497,15.896408081054688
16.261065,15.69460391998291
16.193033,15.481962203979492
16.001133,15.234911918640137
15.814734,14.976851463317871
15.920435,14.750590324401855
15.3689995,14.471583366394043
14.564933,13.91066837310791
15.565133,13.189641952514648
13.414667,12.756132125854492
12.6939335,11.767698287963867
7.9906664,10.592801094055176
10.975867,8.422415733337402
11.233,7.718263149261475
4.8867335,8.565447807312012
5.0174,6.984448432922363
3.8188665,5.270402431488037
3.7759337,3.6392037868499756
4.516267,2.5272626876831055
4.9020667,2.4356133937835693
3.324,3.1569886207580566
2.4074,3.0873076915740967
0.20199996,2.667328357696533
1.0636,2.0951595306396484
1.0553334,1.616815447807312
0.7858667,1.4292585849761963
0.39106667,1.5224807262420654
0.10759997,1.5670236349105835
0.00046666662,1.5485143661499023
0.0,1.4691444635391235
0.0,1.3588240146636963
0.0,0.0
0.0,0.0
0.0,0.0
0.0,0.0
0.0,0.0
0.0,0.0
0.0,0.0
0.0,0.0
0.0,0.0
0.0,0.0
0.0,0.0
0.0,0.0
0.0,0.0
0.0,0.0
0.0,0.0
0.0,0.0
0.0,0.0
0.0,0.0
0.0,0.0
0.0,0.0
0.0,0.0
0.0,0.0
0.0,0.0
0.0,0.0
0.0,0.0
0.0,0.0
0.0,0.0
0.0,0.0
0.0,0.0
0.0,0.0
0.0,0.0
0.0,0.0
0.0,0.0
0.0,0.0
0.0,0.0
0.0,0.0
0.0,0.0
0.0,0.0
0.0,0.0
0.0,0.0
0.09326666,0.0
0.24253333,0.0
0.3955,0.0
0.8947333,0.0
2.2242332,1.9943594932556152
3.7553668,3.653571128845215
3.9777002,5.967800140380859
4.165,7.254580497741699
4.8964667,7.3414154052734375
5.7868996,7.5003156661987305
5.7591,7.770822525024414
8.923767,8.271782875061035
10.0271,10.216940879821777
10.6333,12.25742244720459
11.1091,13.216529846191406
11.875367,13.50552749633789
12.9061,13.553169250488281
13.543332,13.906290054321289
14.058801,14.59476089477539
14.591134,15.103607177734375
15.1707325,15.28188419342041
15.673233,15.330466270446777
15.683534,15.491726875305176
15.5177,15.41932201385498
16.4178,15.205506324768066
14.9607,15.285377502441406
13.784899,15.080012321472168
14.273633,14.579032897949219
10.4647665,14.014640808105469
9.973201,12.511713027954102
13.201099,10.971309661865234
13.725166,11.048596382141113
14.121166,11.581795692443848
14.482202,11.109142303466797
11.045467,10.537042617797852
6.936434,9.205137252807617
9.573466,7.692874431610107
13.5523,7.102537155151367
12.227667,8.995051383972168
7.0576997,9.838404655456543
4.495867,8.241852760314941
3.393133,6.645477294921875
2.949233,5.001778602600098
2.7831662,3.1716785430908203
2.7399998,2.046410322189331
5.1712,2.018326997756958
2.7975,3.147184371948242
1.5597333,2.909158229827881
1.0781333,2.294100522994995
0.6052667,1.7135536670684814
0.4815334,1.2207660675048828
0.33706668,1.0005416870117188
0.11269998,1.0871750116348267
0.0084,1.2102198600769043
0.0,1.2654341459274292
0.0,1.30778169631958
0.0,0.0
0.0,0.0
0.0,0.0
0.0,0.0
0.0,0.0
0.0,0.0
0.0,0.0
0.0,0.0
0.0,0.0
0.0,0.0
0.0,0.0
0.0,0.0
0.0,0.0
0.0,0.0
0.0,0.0
0.0,0.0
0.0,0.0
0.0,0.0
0.0,0.0
0.0,0.0
0.0,0.0
0.0,0.0
0.0,0.0
0.0,0.0
0.0,0.0
0.0,0.0
0.0,0.0
0.0,0.0
0.0,0.0
0.0,0.0
0.0,0.0
0.0,0.0
0.0,0.0
0.0,0.0
0.0,0.0
0.0,0.0
0.0,0.0
0.0,0.0
0.0,0.0
0.0,0.0
0.0386,0.0
0.26259997,0.0
0.49630007,0.0
1.0756,0.0
2.5625668,2.5649404525756836
3.5057666,4.216153621673584
3.826533,6.113048076629639
4.7677,7.306164741516113
5.7683334,8.039953231811523
6.7189665,8.90900707244873
7.7063003,9.883187294006348
8.637633,10.859488487243652
9.485534,11.74348258972168
10.3243,12.440664291381836
11.0223,12.740522384643555
11.792199,12.770874977111816
12.467101,13.148862838745117
12.940534,13.794679641723633
13.4777,14.329744338989258
14.003599,14.639015197753906
14.415799,14.85154914855957
14.8325,15.071115493774414
15.1684,15.323084831237793
15.6332655,15.415318489074707
14.1939335,15.391660690307617
16.5163,14.888646125793457
16.4979,14.93393611907959
17.058567,14.949135780334473
17.019365,14.775121688842773
16.790033,14.47138786315918
13.107867,14.184257507324219
4.5654664,13.39140796661377
3.8808334,11.0140380859375
3.4341667,7.96744441986084
2.978533,5.072727203369141
2.2398667,3.6419501304626465
2.2348335,2.909980058670044
2.0493665,2.028493881225586
1.9599998,1.3803186416625977
1.7367,0.9746609926223755
2.0388,0.7419679760932922
2.3885999,0.5430420637130737
1.9427,0.601494550704956
1.2052,0.8018243312835693
1.1523333,0.8444474339485168
0.78053343,0.748599112033844
0.83813345,0.6296707987785339
0.74120003,0.6670780181884766
0.5779,0.975825309753418
0.51766676,1.5871250629425049
0.35959998,2.28489089012146
0.13509999,2.8693418502807617
0.0047,3.291520595550537
0.0,3.5682148933410645
0.0,3.7347230911254883
0.0,3.6131649017333984
0.0,0.0
0.0,0.0
0.0,0.0
0.0,0.0
0.0,0.0
0.0,0.0
0.0,0.0
0.0,0.0
0.0,0.0
0.0,0.0
0.0,0.0
0.0,0.0
0.0,0.0
0.0,0.0
0.0,0.0
0.0,0.0
0.0,0.0
0.0,0.0
0.0,0.0
0.0,0.0
0.0,0.0
0.0,0.0
0.0,0.0
0.0,0.0
0.0,0.0
0.0,0.0
0.0,0.0
0.0,0.0
0.0,0.0
0.0,0.0
0.0,0.0
0.0,0.0
0.0,0.0
0.0,0.0
0.0,0.0
0.0,0.0
0.0,0.0
0.0,0.0
0.0,0.0
0.0,0.0
0.043166667,0.0
0.2338,0.0
0.4530334,0.0
0.86153346,0.0
1.7460666,2.2071614265441895
2.6642334,3.8297317028045654
3.6463335,5.745634078979492
4.554333,7.161282539367676
5.7422004,7.941545009613037
6.799666,8.701951026916504
7.8124666,9.59342098236084
8.7737665,10.560417175292969
9.737366,11.482797622680664
10.586801,12.34535026550293
11.331434,12.90325927734375
12.095533,13.172761917114258
12.725668,13.505533218383789
13.470567,14.005414009094238
13.5821,14.50837230682373
14.664134,14.761428833007812
14.4313,15.036155700683594
14.667367,15.09965705871582
15.457734,15.202030181884766
15.839466,15.380786895751953
15.512099,15.456206321716309
16.436266,15.24954605102539
14.587234,15.170037269592285
14.478901,14.54686450958252
15.669134,13.905583381652832
15.587967,13.697330474853516
15.314633,13.567510604858398
14.9633665,13.379910469055176
14.677934,12.966629981994629
14.2123995,12.559796333312988
12.287266,12.110699653625488
10.1407995,11.348329544067383
8.623633,10.135293960571289
6.8136334,8.727617263793945
11.6214,7.262234687805176
10.658867,8.315281867980957
9.4826,8.924458503723145
8.32,8.211160659790039
6.321166,7.2833075523376465
6.2416997,6.133771896362305
5.428166,5.535274982452393
3.7593005,5.324769973754883
3.4053333,4.871348857879639
2.3887,4.418166160583496
1.5380001,3.618072032928467
0.90646666,2.636812210083008
0.49723342,1.7037458419799805
0.2775666,1.0138710737228394
0.10253332,0.6702380180358887
0.0043333336,0.6255538463592529
0.0,0.6873568296432495
0.0,0.7444992661476135
0.0,0.0
0.0,0.0
0.0,0.0
0.0,0.0
0.0,0.0
0.0,0.0
0.0,0.0
0.0,0.0
0.0,0.0
0.0,0.0
0.0,0.0
0.0,0.0
0.0,0.0
0.0,0.0
0.0,0.0
0.0,0.0
0.0,0.0
0.0,0.0
0.0,0.0
0.0,0.0
0.0,0.0
0.0,0.0
0.0,0.0
0.0,0.0
0.0,0.0
0.0,0.0
0.0,0.0
0.0,0.0
0.0,0.0
0.0,0.0
0.0,0.0
0.0,0.0
0.0,0.0
0.0,0.0
0.0,0.0
0.0,0.0
0.0,0.0
0.0,0.0
0.0,0.0
0.0,0.0
0.030933328,0.0
0.38603336,0.0
0.75226665,0.0
1.1870999,0.0
1.7629668,2.0655038356781006
2.3919,3.3524951934814453
3.1245003,4.84855318069458
4.1176667,5.979462623596191
4.8185334,6.751005172729492
5.8053336,7.515594959259033
6.7500663,8.395421028137207
7.599666,9.26980209350586
8.520901,10.12258529663086
9.236367,10.948284149169922
9.8737,11.49857234954834
10.6805,11.734569549560547
11.583767,11.943429946899414
12.185432,12.36697006225586
12.963634,12.831491470336914
13.438932,13.18068790435791
13.673533,13.286299705505371
14.108167,13.293580055236816
14.446,13.706744194030762
14.522866,14.304153442382812
14.833866,14.448379516601562
15.049132,14.287914276123047
15.030767,14.142638206481934
15.050433,13.92729663848877
14.782534,13.631585121154785
14.6531,13.262713432312012
14.514533,12.939007759094238
14.271734,12.756884574890137
13.9306,12.587342262268066
13.1244,12.2783784866333
12.887233,11.849098205566406
12.593933,11.461461067199707
11.501467,11.05760383605957
10.818566,10.502267837524414
10.179999,9.87834358215332
9.271801,9.274663925170898
8.394567,8.747383117675781
7.611,8.206336975097656
6.5963335,7.610985279083252
5.830133,6.89472770690918
4.8220997,6.124281883239746
3.9316335,5.272134780883789
3.0848334,4.4215922355651855
2.2356665,3.6441056728363037
1.5560666,2.874217987060547
1.0436,2.1444451808929443
0.6509,1.5353403091430664
0.38446668,1.0866022109985352
0.13379997,0.8138497471809387
0.007366667,0.6894320845603943
0.0,0.6532407402992249
0.0,0.6459354162216187
0.0,0.0
0.0,0.0
0.0,0.0
0.0,0.0
0.0,0.0
0.0,0.0
0.0,0.0
0.0,0.0
0.0,0.0
0.0,0.0
0.0,0.0
0.0,0.0
0.0,0.0
0.0,0.0
0.0,0.0
0.0,0.0
0.0,0.0
0.0,0.0
0.0,0.0
0.0,0.0
0.0,0.0
0.0,0.0
0.0,0.0
0.0,0.0
0.0,0.0
0.0,0.0
0.0,0.0
0.0,0.0
0.0,0.0
0.0,0.0
0.0,0.0
0.0,0.0
0.0,0.0
0.0,0.0
0.0,0.0
0.0,0.0
0.0,0.0
0.0,0.0
0.0,0.0
0.0,0.0
0.04173333,0.0
0.39366668,0.0
0.66413337,0.0
1.0472,0.0
1.7633333,2.055830240249634
2.5870667,3.5219268798828125
3.5105336,5.280824661254883
4.4736,6.638835906982422
5.4791336,7.466197967529297
6.4632,8.341962814331055
7.451534,9.338791847229004
8.411867,10.31533432006836
9.324201,11.21563720703125
10.160133,12.005702018737793
10.8863325,12.510993957519531
11.597334,12.744382858276367
12.370133,13.01024055480957
13.076134,13.50896167755127
13.793667,14.049185752868652
14.0932,14.450576782226562
14.524733,14.633552551269531
15.008334,14.801511764526367
15.174933,15.183479309082031
15.588799,15.412101745605469
15.739,15.459366798400879
15.691733,15.294811248779297
15.9604,15.051863670349121
15.664201,14.839232444763184
15.596667,14.55515193939209
15.238999,14.296207427978516
15.115334,14.069077491760254
14.771314,13.85049819946289
14.4272995,13.507287979125977
14.155499,13.12775707244873
13.665234,12.699079513549805
13.1055,12.120135307312012
11.524,11.496209144592285
11.475333,10.626315116882324
11.310634,10.021556854248047
9.038134,9.568927764892578
9.305233,8.724507331848145
8.334701,8.283113479614258
7.4661665,7.8122992515563965
6.1372,7.239674091339111
4.3596997,6.396753787994385
4.2077003,5.109157085418701
3.5520332,4.207075119018555
2.6263332,3.6173081398010254
1.7463666,3.073302745819092
1.0777334,2.414546489715576
0.6161,1.6831374168395996
0.354,1.0324370861053467
0.14796665,0.5844351053237915
0.0122,0.4220045208930969
0.0,0.4789976477622986
0.0,0.5579650402069092
0.0,0.0
0.0,0.0
0.0,0.0
0.0,0.0
0.0,0.0
0.0,0.0
0.0,0.0
0.0,0.0
0.0,0.0
0.0,0.0
0.0,0.0
0.0,0.0
0.0,0.0
0.0,0.0
0.0,0.0
0.0,0.0
0.0,0.0
0.0,0.0
0.0,0.0
0.0,0.0
0.0,0.0
0.0,0.0
0.0,0.0
0.0,0.0
0.0,0.0
0.0,0.0
0.0,0.0
0.0,0.0
0.0,0.0
0.0,0.0
0.0,0.0
0.0,0.0
0.0,0.0
0.0,0.0
0.0,0.0
0.0,0.0
0.0,0.0
0.0,0.0
0.0,0.0
0.0,0.0
0.011433331,0.0
0.3593,0.0
0.65203327,0.0
1.1414,0.0
1.8499,2.0245652198791504
2.5437334,3.5087313652038574
3.4135334,5.258977890014648
4.385033,6.540060520172119
5.4196663,7.277061939239502
6.4094663,8.051673889160156
7.4138665,8.984736442565918
8.393933,9.94920539855957
9.335667,10.87588119506836
10.236933,11.764606475830078
11.050867,12.393533706665039
11.842333,12.669775009155273
12.527933,12.873954772949219
13.116334,13.335918426513672
13.688734,13.844758033752441
14.189333,14.202253341674805
14.709665,14.399323463439941
14.958066,14.630095481872559
15.089334,15.034591674804688
15.292733,15.28522777557373
15.400266,15.266343116760254
15.375834,15.100601196289062
15.412032,14.874112129211426
15.554534,14.613068580627441
15.526464,14.371284484863281
15.311833,14.120840072631836
14.9928,13.848325729370117
14.605268,13.501232147216797
14.348133,13.071130752563477
13.845,12.679158210754395
13.459701,12.261537551879883
13.057667,11.799714088439941
12.339967,11.288751602172852
11.590867,10.650279998779297
10.188033,10.000872611999512
8.980901,9.14915943145752
9.120867,8.386470794677734
8.578,8.060866355895996
5.4096,7.779118537902832
6.481733,6.489884376525879
5.3868,5.820255279541016
4.2541337,5.164668560028076
3.2602,4.435819625854492
2.4014666,3.7176904678344727
1.6608666,2.948638439178467
1.0894,2.169515371322632
0.6662667,1.5176607370376587
0.40266675,1.0861542224884033
0.19426663,0.841109573841095
0.02233333,0.7256464958190918
0.0,0.6783998012542725
0.0,0.6561996340751648
0.0,0.0
0.0,0.0
0.0,0.0
0.0,0.0
0.0,0.0
0.0,0.0
0.0,0.0
0.0,0.0
0.0,0.0
0.0,0.0
0.0,0.0
0.0,0.0
0.0,0.0
0.0,0.0
0.0,0.0
0.0,0.0
0.0,0.0
0.0,0.0
0.0,0.0
0.0,0.0
0.0,0.0
0.0,0.0
0.0,0.0
0.0,0.0
0.0,0.0
0.0,0.0
0.0,0.0
0.0,0.0
0.0,0.0
0.0,0.0
0.0,0.0
0.0,0.0
0.0,0.0
0.0,0.0
0.0,0.0
0.0,0.0
0.0,0.0
0.0,0.0
0.0,0.0
0.0,0.0
0.20243336,0.0
0.5438667,0.0
0.658,0.0
1.0151001,0.0
1.6657333,2.1843464374542236
2.4185333,3.4270520210266113
3.2755997,4.912508964538574
4.2152,6.108776569366455
5.170533,6.93112850189209
6.1410003,7.750865459442139
7.109,8.612001419067383
8.040167,9.470291137695312
8.9197,10.314858436584473
9.771866,11.159418106079102
10.578866,11.784117698669434
11.320399,12.10535717010498
11.9916,12.293669700622559
12.5865,12.63814926147461
13.0273,13.003596305847168
13.516067,13.201896667480469
13.975699,13.396713256835938
14.2142,13.663407325744629
14.406567,14.22794246673584
14.622267,14.633626937866211
14.739034,14.67448616027832
14.914767,14.492522239685059
14.929967,14.26999282836914
14.934001,14.022356986999512
14.795233,13.704197883605957
14.723203,13.401577949523926
14.5405,13.153532981872559
14.173468,12.905884742736816
13.851967,12.587674140930176
13.574202,12.218484878540039
13.035901,11.882070541381836
12.488434,11.533767700195312
12.080701,11.109532356262207
11.286201,10.585395812988281
10.580867,9.994046211242676
9.8053665,9.373005867004395
8.940166,8.802003860473633
8.004967,8.275487899780273
7.0556664,7.719364643096924
6.098933,7.0651373863220215
5.1437006,6.294531345367432
4.2173,5.451162815093994
3.3257,4.56923246383667
2.4357998,3.782355308532715
1.6752667,3.0192019939422607
1.0385334,2.2611427307128906
0.6842667,1.5595448017120361
0.40716666,1.0287971496582031
0.17219998,0.7306201457977295
0.016866667,0.6223748922348022
0.0,0.6087121367454529
0.0,0.6137236952781677
0.0,0.0
0.0,0.0
0.0,0.0
0.0,0.0
0.0,0.0
0.0,0.0
0.0,0.0
0.0,0.0
0.0,0.0
0.0,0.0
0.0,0.0
0.0,0.0
0.0,0.0
0.0,0.0
0.0,0.0
0.0,0.0
0.0,0.0
0.0,0.0
0.0,0.0
0.0,0.0
0.0,0.0
0.0,0.0
0.0,0.0
0.0,0.0
0.0,0.0
0.0,0.0
0.0,0.0
0.0,0.0
0.0,0.0
0.0,0.0
0.0,0.0
0.0,0.0
0.0,0.0
0.0,0.0
0.0,0.0
0.0,0.0
0.0,0.0
0.0,0.0
0.0,0.0
0.0,0.0
0.103933334,0.0
0.2944,0.0
0.6790667,0.0
1.4974667,0.0
2.2314665,1.780382513999939
2.7341995,3.3709557056427
2.6789334,5.200367450714111
4.2469997,6.230282783508301
5.3733997,6.947169303894043
6.3766,7.854946136474609
7.4511337,8.974357604980469
8.43,10.090554237365723
9.3558,11.03218936920166
10.2034,11.770360946655273
11.0378,12.191497802734375
11.855667,12.494240760803223
12.517933,12.945452690124512
13.048934,13.51280403137207
13.642967,13.967806816101074
14.134901,14.2427396774292
14.571499,14.393912315368652
14.958067,14.5869722366333
15.213699,15.012639999389648
15.4303,15.331009864807129
15.620967,15.404239654541016
15.713434,15.30443000793457
15.688668,15.09233570098877
15.585533,14.855353355407715
15.465399,14.552523612976074
15.2629,14.246382713317871
14.982199,13.954602241516113
14.795699,13.646200180053711
14.599633,13.318702697753906
14.103434,12.992506980895996
13.584634,12.636573791503906
13.146267,12.184707641601562
12.535667,11.644380569458008
11.818133,11.048956871032715
11.002334,10.403297424316406
10.106866,9.747307777404785
9.227134,9.121084213256836
8.368434,8.513574600219727
7.4224997,7.907882213592529
6.4902334,7.228069305419922
5.4339333,6.46409273147583
4.4437003,5.596550464630127
3.4004333,4.690394878387451
2.4636667,3.8402159214019775
1.6616334,3.03560733795166
1.0458333,2.2601804733276367
0.6124334,1.5662431716918945
0.36526668,1.0261790752410889
0.16196664,0.6591789126396179
0.025633331,0.4746554493904114
0.0,0.4293786287307739
0.0,0.445708692073822
0.0,0.0
0.0,0.0
0.0,0.0
0.0,0.0
0.0,0.0
0.0,0.0
0.0,0.0
0.0,0.0
0.0,0.0
0.0,0.0
0.0,0.0
0.0,0.0
0.0,0.0
0.0,0.0
0.0,0.0
0.0,0.0
0.0,0.0
0.0,0.0
0.0,0.0
0.0,0.0
0.0,0.0
0.0,0.0
0.0,0.0
0.0,0.0
0.0,0.0
0.0,0.0
0.0,0.0
0.0,0.0
0.0,0.0
0.0,0.0
0.0,0.0
0.0,0.0
0.0,0.0
0.0,0.0
0.0,0.0
0.0,0.0
0.0,0.0
0.0,0.0
0.0,0.0
-0.00013333333,0.0
6.666667e-05,0.0
0.27606666,0.0
0.4936667,0.0
0.768,0.0
1.5676666,1.9647455215454102
2.5032666,3.5119986534118652
3.4876,5.411754608154297
4.4864,6.890689373016357
5.4866667,7.667662620544434
6.4808,8.444258689880371
7.493467,9.400197982788086
8.522134,10.382319450378418
9.485,11.310637474060059
10.302466,12.146231651306152
11.054267,12.683286666870117
11.8116,12.925690650939941
12.4626,13.188685417175293
13.053399,13.64403247833252
13.531867,14.128942489624023
13.921667,14.48392391204834
14.394668,14.645401000976562
14.684134,14.783075332641602
14.992133,15.036011695861816
15.224933,15.223758697509766
15.250935,15.24453067779541
15.453333,15.048620223999023
15.615199,14.799259185791016
15.469067,14.603510856628418
15.036867,14.313292503356934
15.339233,13.927118301391602
15.208366,13.65408706665039
15.063933,13.378471374511719
14.669499,13.175101280212402
14.13,12.908169746398926
13.740133,12.569150924682617
13.265267,12.164087295532227
12.642868,11.66004753112793
12.053133,11.062244415283203
11.225468,10.421904563903809
10.403467,9.777531623840332
9.481533,9.180813789367676
8.508134,8.61229419708252
7.573133,7.9975810050964355
6.6575336,7.319016456604004
5.5528665,6.5554351806640625
4.4912,5.698146343231201
3.4928,4.742516994476318
2.5944002,3.866239547729492
1.3609333,3.064192533493042
1.1365333,1.968907117843628
0.53880006,1.2286738157272339
0.36433333,0.7081747055053711
0.14826664,0.46306294202804565
0.020333335,0.40882229804992676
0.0,0.4147280156612396
0.0,0.41339632868766785
0.0,0.0
0.0,0.0
0.0,0.0
0.0,0.0
0.0,0.0
0.0,0.0
0.0,0.0
0.0,0.0
0.0,0.0
0.0,0.0
0.0,0.0
0.0,0.0
0.0,0.0
0.0,0.0
0.0,0.0
0.0,0.0
0.0,0.0
0.0,0.0
0.0,0.0
0.0,0.0
0.0,0.0
0.0,0.0
0.0,0.0
0.0,0.0
0.0,0.0
0.0,0.0
0.0,0.0
0.0,0.0
0.0,0.0
0.0,0.0
0.0,0.0
0.0,0.0
0.0,0.0
0.0,0.0
0.0,0.0
0.0,0.0
0.0,0.0
0.0,0.0
0.0,0.0
0.0,0.0
0.00049999997,0.0
0.2636,0.0
0.44133335,0.0
0.7090667,0.0
1.433,2.355720043182373
2.3510997,3.7360708713531494
3.322,5.354267120361328
4.307767,6.689427375793457
5.3400335,7.524572849273682
6.370134,8.224294662475586
7.376033,9.010446548461914
8.4136,9.923131942749023
9.3981,10.871598243713379
10.207834,11.826062202453613
10.989601,12.507064819335938
11.7515,12.855685234069824
12.465701,13.094646453857422
13.054233,13.493956565856934
11.3213005,13.941500663757324
14.63517,13.676615715026855
12.652201,14.119363784790039
9.186867,13.989784240722656
12.243633,13.21588134765625
15.265533,12.918802261352539
15.828466,13.684844970703125
15.942233,14.103707313537598
14.148733,13.96753978729248
14.083467,13.332470893859863
12.909066,12.869596481323242
7.0971003,12.532541275024414
6.7742667,11.168793678283691
9.3390665,9.874704360961914
5.1599665,9.197502136230469
13.114533,7.498805046081543
5.0945,9.07631778717041
6.342434,6.884047508239746
4.7569666,5.24515438079834
5.6644673,3.9121592044830322
10.914566,3.3255581855773926
10.595201,5.4516282081604
6.1179333,7.162869930267334
8.696466,6.467979431152344
9.436333,6.517335414886475
7.9140997,6.889297008514404
6.2079663,7.228294849395752
4.861567,7.679532527923584
3.7413666,7.911383152008057
2.2699,7.7553300857543945
1.4294,6.293675899505615
1.1073333,4.518909454345703
0.80700004,2.8606834411621094
0.5014334,1.8254625797271729
0.19119997,1.3746263980865479
0.016666666,1.089232087135315
0.0,0.8459148406982422
0.0,0.6795357465744019
0.0,0.0
0.0,0.0
0.0,0.0
0.0,0.0
0.0,0.0
0.0,0.0
0.0,0.0
0.0,0.0
0.0,0.0
0.0,0.0
0.0,0.0
0.0,0.0
0.0,0.0
0.0,0.0
0.0,0.0
0.0,0.0
0.0,0.0
0.0,0.0
0.0,0.0
0.0,0.0
0.0,0.0
0.0,0.0
0.0,0.0
0.0,0.0
0.0,0.0
0.0,0.0
0.0,0.0
0.0,0.0
0.0,0.0
0.0,0.0
0.0,0.0
0.0,0.0
0.0,0.0
0.0,0.0
0.0,0.0
0.0,0.0
0.0,0.0
0.0,0.0
0.0,0.0
0.0,0.0
0.00026666667,0.0
0.2527333,0.0
0.40336668,0.0
0.672,0.0
1.3941667,2.092508554458618
2.3328998,3.5354065895080566
3.3237333,5.411113739013672
4.5304,6.960332870483398
5.6969995,7.807475566864014
6.6404667,8.489767074584961
7.683067,9.295023918151855
8.082633,10.184115409851074
7.4258666,10.813638687133789
7.8204665,10.56702709197998
11.174034,10.696037292480469
11.8703,12.15174388885498
12.523866,13.306958198547363
13.145066,13.722103118896484
13.679933,13.743232727050781
14.061067,13.893234252929688
14.494868,14.296300888061523
15.018001,14.782547950744629
14.4342,15.2626314163208
14.197667,15.332365036010742
14.3410015,14.8573579788208
12.5264,14.190987586975098
6.0908666,13.29148006439209
12.2858,11.352651596069336
17.214201,11.130680084228516
16.9186,13.698990821838379
13.857599,13.420467376708984
16.446999,12.024544715881348
16.1382,11.844603538513184
9.163833,11.697879791259766
3.3528666,10.949546813964844
10.557567,9.577013969421387
6.6116004,8.893007278442383
12.9383,7.926943778991699
9.145233,9.589847564697266
11.293,8.612271308898926
4.733367,8.016776084899902
3.5456998,6.247746467590332
7.8869004,4.82865571975708
6.4139333,5.034571170806885
6.2818,5.486656665802002
4.9691334,5.854657173156738
3.5389333,5.546818256378174
2.4611332,4.839380741119385
0.9674001,3.9320425987243652
1.1302667,2.676680564880371
0.82490003,1.422330617904663
0.24339996,1.137300968170166
0.07266665,1.3306819200515747
0.010399999,1.3641012907028198
0.0,1.202341914176941
0.0,1.0514721870422363
0.0,0.0
0.0,0.0
0.0,0.0
0.0,0.0
0.0,0.0
0.0,0.0
0.0,0.0
0.0,0.0
0.0,0.0
0.0,0.0
0.0,0.0
0.0,0.0
0.0,0.0
0.0,0.0
0.0,0.0
0.0,0.0
0.0,0.0
0.0,0.0
0.0,0.0
0.0,0.0
0.0,0.0
0.0,0.0
0.0,0.0
0.0,0.0
0.0,0.0
0.0,0.0
0.0,0.0
0.0,0.0
0.0,0.0
0.0,0.0
0.0,0.0
0.0,0.0
0.0,0.0
0.0,0.0
0.0,0.0
0.0,0.0
0.0,0.0
0.0,0.0
0.0,0.0
-0.00013333333,0.0
0.13799998,0.0
0.35286668,0.0
0.52293336,0.0
0.81766665,0.0
1.5468998,1.7249042987823486
2.5989335,2.546005964279175
3.0046666,3.952528953552246
3.7672665,5.510651588439941
4.1968665,6.718651294708252
5.852234,7.372513771057129
6.3803,8.090377807617188
6.9099,8.731114387512207
8.692767,9.342376708984375
9.353233,10.369312286376953
9.787266,11.127800941467285
11.2373,11.565464973449707
11.770467,12.082632064819336
12.386134,12.546818733215332
12.823333,13.04416561126709
13.386967,13.405925750732422
13.741166,13.600393295288086
14.123568,13.67227840423584
14.249701,14.021627426147461
14.438499,14.515786170959473
14.579734,14.673815727233887
14.791267,14.562784194946289
14.554133,14.325460433959961
14.748034,13.932873725891113
15.333632,13.521383285522461
13.706933,13.017416000366211
15.5558,12.408927917480469
14.819768,12.44545841217041
14.567366,12.353598594665527
12.569735,12.367937088012695
13.475033,11.793941497802734
12.6971,11.624890327453613
9.766168,11.15064525604248
6.878267,9.9047212600708
3.9802666,8.212346076965332
5.0121,6.108710765838623
10.2870655,4.433670997619629
7.988767,6.263911724090576
5.1047997,6.681134223937988
4.0080004,5.409073352813721
2.0601335,4.294448375701904
1.1382333,3.010483741760254
0.65313333,1.8472495079040527
0.27073333,1.0038540363311768
0.2761333,0.5003131628036499
0.0901,0.3441106677055359
0.0183,0.3715496361255646
0.0,0.4109560251235962
0.0,0.4082965552806854
0.0,0.3166215121746063
0.0,0.24130046367645264
0.0,0.2441720962524414
0.0,0.0
0.0,0.0
0.0,0.0
0.0,0.0
0.0,0.0
0.0,0.0
0.0,0.0
0.0,0.0
0.0,0.0
0.0,0.0
0.0,0.0
0.0,0.0
0.0,0.0
0.0,0.0
0.0,0.0
0.0,0.0
0.0,0.0
0.0,0.0
0.0,0.0
0.0,0.0
0.0,0.0
0.0,0.0
0.0,0.0
0.0,0.0
0.0,0.0
0.0,0.0
0.0,0.0
0.0,0.0
0.0,0.0
0.0,0.0
0.0,0.0
0.0,0.0
0.0,0.0
0.0,0.0
0.0,0.0
0.0,0.0
0.0,0.0
0.0,0.0
0.0,0.0
0.0,0.0
0.021799998,0.0
0.2564,0.0
0.6926667,0.0
1.0335332,0.0
1.2574667,1.6683415174484253
1.7398,2.496253252029419
1.8433999,3.504098653793335
1.5213331,4.361701488494873
3.4696,4.707313060760498
4.8968673,5.3938398361206055
6.008267,6.523492813110352
7.6764665,7.72747802734375
8.9302,9.190730094909668
9.276134,10.384942054748535
4.2362003,10.8060884475708
3.9404,9.679747581481934
11.009399,8.599738121032715
10.851133,9.046463012695312
14.408533,10.923190116882324
15.007734,13.740339279174805
15.080465,14.526473999023438
14.961133,14.267778396606445
15.174666,14.07198429107666
15.363533,14.472397804260254
15.416199,15.284460067749023
15.445534,15.760659217834473
15.485934,15.900239944458008
15.405933,15.840638160705566
15.368934,15.551918983459473
15.218465,15.125083923339844
15.052334,14.654109001159668
14.735134,14.211627006530762
14.434999,13.84277629852295
13.959267,13.437383651733398
13.595333,12.993149757385254
13.0202,12.57199478149414
12.367801,12.107696533203125
11.663066,11.445463180541992
10.996266,10.52532958984375
10.168134,9.745529174804688
9.422067,9.133843421936035
8.498067,8.648674011230469
7.5754,8.108080863952637
6.6174664,7.436431407928467
5.5606003,6.670595645904541
4.5587335,5.8041205406188965
3.5505998,4.892138957977295
2.5839334,3.992953062057495
1.7458,3.125605344772339
1.0790668,2.2743947505950928
0.62499994,1.5512031316757202
0.37313336,0.9908146858215332
0.16939998,0.592978298664093
0.013333333,0.39406487345695496
0.0,0.3379221558570862
0.0,0.3523460030555725
0.0,0.0
0.0,0.0
0.0,0.0
0.0,0.0
0.0,0.0
0.0,0.0
0.0,0.0
0.0,0.0
0.0,0.0
0.0,0.0
0.0,0.0
0.0,0.0
0.0,0.0
0.0,0.0
0.0,0.0
0.0,0.0
