pred,true
[4.2442913],5.7906337
[5.352861],6.372834
[6.5283165],8.008234
[7.9994936],9.4611
[8.114275],7.353833
[6.1610365],5.0207
[6.62131],6.876833
[7.1660995],8.384233
[9.638076],12.730733
[12.887435],13.776499
[13.395156],14.337132
[13.885865],14.732201
[14.036443],14.872132
[14.042169],14.5344
[14.039842],15.975335
[15.052793],16.2058
[15.470663],16.400267
[15.45784],16.494
[15.412906],16.638933
[15.260674],16.995934
[15.23067],17.085001
[15.072406],17.133467
[15.166717],15.625734
[13.948497],7.108333
[9.084401],13.612132
[10.161157],6.3737993
[5.489521],6.7514
[8.1875725],9.740133
[8.402767],7.1047335
[7.352113],10.014799
[7.9653134],10.6268
[8.487821],5.0996003
[4.5173736],7.6156
[6.216194],3.8999333
[4.9236135],5.9863997
[5.456846],5.7568
[5.799352],3.7873998
[5.00745],1.8511336
[3.9539652],1.5559335
[3.6530228],1.1368666
[2.982944],0.8080668
[2.0552552],0.5653333
[1.4230645],0.2715333
[1.6329908],0.031266663
[0.3618856],0.0
[0.1263668],0.0
[0.5028097],0.0
[0.10530013],0.0
[0.13156635],0.0
0,0.0
0,0.0
0,0.0
0,0.0
0,0.0
0,0.0
0,0.0
0,0.0
0,0.0
0,0.0
0,0.0
0,0.0
0,0.0
0,0.0
0,0.0
0,0.0
0,0.0
0,0.0
0,0.0
0,0.0
0,0.0
0,0.0
0,0.0
0,0.0
0,0.0
0,0.0
0,0.0
0,0.0
0,0.0
0,0.0
0,0.0
0,0.0
0,0.0
0,0.0
0,0.0
0,0.0
0,0.0
0,0.0
0,0.0
0,0.0
0,0.0
0,0.16186665
0,0.5850666
0,0.9868001
[1.1154627],2.11
[1.666745],3.2454665
[3.1695702],3.9984
[3.790492],5.4922667
[5.3828516],6.4444666
[6.4220076],7.8973327
[7.529107],8.717799
[9.241764],9.909467
[10.31968],10.899134
[11.392129],11.747533
[11.970183],12.5716
[12.480806],13.298599
[13.035651],13.936533
[13.447432],14.655799
[13.679791],14.6612
[13.588847],15.6162
[14.600556],15.949534
[15.200451],16.094799
[15.559407],16.2114
[15.2548],15.269665
[13.626832],14.480933
[13.040874],8.342667
[9.9238615],8.060733
[11.398651],6.200134
[7.8409286],6.580133
[9.274675],9.240534
[6.3185086],11.264532
[9.39081],11.3376
[8.542339],8.532666
[9.098663],6.742467
[7.027636],12.573533
[10.549949],13.207067
[11.793519],11.245068
[8.806506],12.200001
[9.126103],11.3118
[8.266828],7.1417327
[6.4368796],5.9682665
[6.086179],5.038867
[6.48902],4.8247333
[5.784041],4.4738
[5.0593023],5.1301336
[5.433738],3.4044669
[4.566702],2.2037332
[3.772825],1.6030666
[3.1373641],1.0251999
[1.8743808],0.26106665
[0.88928115],0.047266662
[0.6485877],0.0
[0.36018813],0.0
[0.16701996],0.0
[0.14177191],0.0
[0.14271241],0.0
0,0.0
0,0.0
0,0.0
0,0.0
0,0.0
0,0.0
0,0.0
0,0.0
0,0.0
0,0.0
0,0.0
0,0.0
0,0.0
0,0.0
0,0.0
0,0.0
0,0.0
0,0.0
0,0.0
0,0.0
0,0.0
0,0.0
0,0.0
0,0.0
0,0.0
0,0.0
0,0.0
0,0.0
0,0.0
0,0.0
0,0.0
0,0.0
0,0.0
0,0.0
0,0.0
0,0.0
0,0.0
0,0.0
0,0.0
0,0.0
0,0.0
0,0.0072000003
0,0.48826668
0,1.2742001
[0.94399124],3.1864667
[2.0850415],3.0290668
[2.4697945],3.2467332
[2.710218],4.426
[5.002122],6.850572
[4.6130533],3.5556002
[5.4650965],4.0002
[4.7273617],2.0530667
[6.0009413],3.4966664
[5.844927],4.6442003
[6.1815157],10.970867
[7.8730407],8.142533
[7.0684557],4.9313
[9.37403],4.0082664
[7.7340164],9.078899
[9.817687],6.3248997
[7.0562787],7.8581667
[9.060353],5.2791667
[8.053106],8.923834
[8.023887],7.079367
[7.4814363],4.1889668
[9.872422],7.490599
[6.568947],6.7818003
[8.915077],6.9341335
[7.6938267],13.3998
[9.301961],6.658433
[7.738107],6.4632
[9.430123],8.675034
[7.149931],6.7834334
[7.922412],6.3701997
[8.330854],7.0066004
[8.260449],5.2362
[8.079428],3.9919999
[7.0152073],2.6404333
[4.4936876],3.5088665
[4.9693127],3.2806334
[4.338374],3.0774667
[5.8968525],2.8825998
[3.9014938],5.783701
[4.809599],5.145
[4.744526],4.6893
[4.433997],3.4912667
[3.8837867],1.575
[2.4116051],1.2118667
[1.3322225],0.26469997
[0.6947862],0.26906666
[0.542092],0.078133315
[0.24673575],0.0
[0.16110468],0.0
[0.14679986],0.0
[0.15122813],0.0
[0.15233564],0.0
0,0.0
0,0.0
0,0.0
0,0.0
0,0.0
0,0.0
0,0.0
0,0.0
0,0.0
0,0.0
0,0.0
0,0.0
0,0.0
0,0.0
0,0.0
0,0.0
0,0.0
0,0.0
0,0.0
0,0.0
0,0.0
0,0.0
0,0.0
0,0.0
0,0.0
0,0.0
0,0.0
0,0.0
0,0.0
0,0.0
0,0.0
0,0.0
0,0.0
0,0.0
0,0.0
0,0.0
0,0.0
0,0.0
0,0.0
0,0.0
0,0.0
0,0.06563333
0,0.5456
0,1.2641333
[1.3133719],2.2458
[1.843286],3.4185333
[3.8205535],4.6521997
[4.818609],5.8873663
[6.203083],7.1125
[7.3410797],8.2749
[8.499663],9.413367
[9.862201],10.476399
[10.988069],11.504634
[12.032073],12.396434
[12.692365],13.273099
[13.271497],13.2802
[13.358153],14.259001
[14.101739],15.292666
[14.553634],15.008466
[14.402568],16.179365
[13.214862],15.754367
[13.791488],16.851566
[14.997617],12.899766
[12.327439],14.293567
[14.212607],15.432234
[14.751588],17.492167
[16.6868],15.529099
[15.024631],16.157368
[15.763921],16.217968
[15.970828],16.566566
[14.723184],12.450832
[9.641328],14.787499
[12.815783],14.018034
[11.867968],14.929699
[12.924452],14.5492
[11.694629],6.926034
[9.817641],10.444433
[8.136254],7.3154664
[5.5231075],7.1915
[6.568737],5.0252666
[5.5878363],6.6263
[6.3601255],3.2828999
[5.5217457],2.2038999
[4.5163965],2.1888995
[4.5311575],2.0254
[4.153497],1.8761998
[3.8930027],1.0849333
[2.1962774],0.96806675
[1.1152893],0.42986664
[0.4863767],0.22419998
[0.259461],0.013866666
[0.08496052],0.0
[0.02200556],0.0
[0.12123686],0.0
[0.14700276],0.0
[0.14183468],0.0
0,0.0
0,0.0
0,0.0
0,0.0
0,0.0
0,0.0
0,0.0
0,0.0
0,0.0
0,0.0
0,0.0
0,0.0
0,0.0
0,0.0
0,0.0
0,0.0
0,0.0
0,0.0
0,0.0
0,0.0
0,0.0
0,0.0
0,0.0
0,0.0
0,0.0
0,0.0
0,0.0
0,0.0
0,0.0
0,0.0
0,0.0
0,0.0
0,0.0
0,0.0
0,0.0
0,0.0
0,0.0
0,0.0
0,0.0
0,0.0
0,0.0
0,0.016166668
0,0.3594
0,0.7305334
[0.4915312],1.3455334
[1.2913527],1.9364667
[1.7038968],3.3065333
[2.4236429],5.6901
[3.5592535],6.180767
[4.180046],7.1765666
[4.4956193],6.4723334
[4.555839],6.46
[7.400622],11.872699
[11.463592],11.833567
[11.1389675],13.277467
[12.707995],11.511866
[11.505739],11.731867
[12.1675005],13.653033
[13.144056],15.077967
[14.111876],15.415533
[14.391723],16.033468
[14.550138],16.1678
[14.689224],13.763266
[13.416794],15.450866
[14.587437],12.926601
[12.6194],14.917267
[13.874858],17.154667
[15.4215555],15.146467
[13.681306],10.0956
[7.0845447],8.454667
[7.388262],8.6234665
[6.815021],11.587266
[9.282909],8.943867
[8.234453],5.766667
[6.2960443],7.5462666
[6.733103],6.328333
[7.4308567],8.261
[8.919544],5.1736665
[7.650313],2.9074667
[5.073288],1.4103999
[3.9094791],0.5294666
[2.2346435],0.3402666
[1.0242062],0.49733338
[0.29890054],0.6657333
[0.17120588],0.60706663
[1.2570915],0.5085334
[0.12968504],0.47286674
[0.1968351],0.2137333
[0.150119],0.06779999
[0.14356178],0.042066664
[0.12512833],0.008266666
[0.15571737],0.0
[0.15160519],0.0
[0.14706576],0.0
[0.14666635],0.0
[0.14542216],0.0
0,0.0
0,0.0
0,0.0
0,0.0
0,0.0
0,0.0
0,0.0
0,0.0
0,0.0
0,0.0
0,0.0
0,0.0
0,0.0
0,0.0
0,0.0
0,0.0
0,0.0
0,0.0
0,0.0
0,0.0
0,0.0
0,0.0
0,0.0
0,0.0
0,0.0
0,0.0
0,0.0
0,0.0
0,0.0
0,0.0
0,0.0
0,0.0
0,0.0
0,0.0
0,0.0
0,0.0
0,0.0
0,0.0
0,0.0
0,0.0
0,0.046933323
0,0.3400667
0,0.5768
0,0.4302
[0.75386393],2.4288
[1.760819],4.0732665
[3.5316665],5.3264666
[4.530084],7.237133
[5.8220334],8.400467
[4.4934278],5.4557333
[4.639879],7.034933
[6.333015],9.370067
[9.293145],9.082799
[9.264207],13.054133
[12.39293],11.742934
[11.53914],14.460134
[13.651155],15.0178
[13.129298],15.5596
[14.275628],16.053867
[14.745565],16.343601
[14.976571],17.179333
[15.2626295],13.767866
[13.797206],16.370333
[14.152691],15.336599
[14.804617],16.5264
[15.294823],16.569067
[15.36519],17.514668
[15.769636],15.106667
[14.658941],13.8354
[13.82294],17.122065
[14.556837],16.5532
[14.514433],15.936268
[13.47053],15.5934
[12.6319475],15.0258
[13.16598],14.412532
[13.185544],13.838266
[12.644163],12.4546
[11.553111],12.193066
[10.87242],9.457001
[8.875514],10.531666
[8.707281],8.245733
[7.299618],8.450334
[7.534189],7.6563997
[6.774185],3.3861334
[4.9232616],2.9627998
[3.9578488],4.8289337
[4.926723],2.9049332
[4.160957],1.4817333
[2.7906058],0.6192667
[1.028835],0.20846665
[0.47609687],0.060999997
[0.20045328],0.0
[0.12686282],0.0
[0.12198973],0.0
[0.1112923],0.0
[0.09033716],0.0
0,0.0
0,0.0
0,0.0
0,0.0
0,0.0
0,0.0
0,0.0
0,0.0
0,0.0
0,0.0
0,0.0
0,0.0
0,0.0
0,0.0
0,0.0
0,0.0
0,0.0
0,0.0
0,0.0
0,0.0
0,0.0
0,0.0
0,0.0
0,0.0
0,0.0
0,0.0
0,0.0
0,0.0
0,0.0
0,0.0
0,0.0
0,0.0
0,0.0
0,0.0
0,0.0
0,0.0
0,0.0
0,0.0
0,0.0
0,0.0
0,0.0
0,0.13199997
0,0.60480005
0,1.3448
[1.2419652],2.3338666
[2.072079],3.5054002
[4.042024],4.7506
[4.9965544],6.0140667
[6.4833417],7.2695336
[7.5848565],8.474
[9.035569],9.619801
[10.3282385],10.694266
[11.478903],11.684601
[12.362826],12.5942
[13.024633],13.3748665
[13.522271],14.093467
[14.063701],14.755
[14.540437],15.402533
[14.986276],15.9394
[15.299752],16.325533
[15.663021],16.737865
[15.892845],17.0412
[16.09959],17.152601
[16.155558],17.095533
[16.151995],17.459467
[16.244862],17.335133
[16.255112],17.413467
[16.16448],17.273266
[16.12402],17.104866
[15.879872],16.782267
[15.685332],16.4858
[15.257454],16.0474
[14.778046],15.6414
[14.171708],15.101
[13.819118],14.506667
[13.357017],13.848001
[12.807192],13.062067
[12.161753],12.2866
[11.432741],11.4081335
[10.653888],10.440533
[9.681682],9.420668
[8.784169],8.299133
[7.889969],7.1368666
[7.120002],5.9167333
[6.389819],4.7014
[5.730689],3.4810667
[4.917512],2.3196666
[3.85087],1.3589333
[2.4614072],0.6515334
[0.8226288],0.24046664
[0.35417205],0.05839999
[0.14179659],0.0
[0.11930174],0.0
[0.1216709],0.0
[0.11895114],0.0
[0.10968411],0.0
0,0.0
0,0.0
0,0.0
0,0.0
0,0.0
0,0.0
0,0.0
0,0.0
0,0.0
0,0.0
0,0.0
0,0.0
0,0.0
0,0.0
0,0.0
0,0.0
0,0.0
0,0.0
0,0.0
0,0.0
0,0.0
0,0.0
0,0.0
0,0.0
0,0.0
0,0.0
0,0.0
0,0.0
0,0.0
0,0.0
0,0.0
0,0.0
0,0.0
0,0.0
0,0.0
0,0.0
0,0.0
0,0.0
0,0.0
0,0.0
0,0.0
0,0.12606665
0,0.49940002
0,1.3727
[1.1941705],2.4166331
[2.2424428],3.6145334
[4.3334994],4.8652997
[5.3634377],6.1121335
[6.7281084],7.3407
[7.895744],8.5204
[9.116142],9.659034
[10.427024],10.714301
[11.536568],11.674634
[12.431464],12.582433
[13.050933],13.349234
[13.591424],14.096001
[14.08542],14.768967
[14.581403],15.351299
[14.990811],15.854767
[15.33254],16.270535
[15.652253],16.614532
[15.8761425],16.862432
[16.078384],17.099466
[16.181915],17.243568
[16.237495],17.3477
[16.278057],17.2607
[16.29736],17.363335
[16.246553],17.181934
[16.168478],17.147532
[15.904742],16.8062
[15.655147],16.396267
[15.251693],16.019867
[14.792936],15.625234
[14.293487],15.135933
[13.906369],14.479168
[13.402801],13.789466
[12.838012],13.065901
[12.263392],12.266133
[11.580626],11.4546995
[10.806823],10.5064
[9.902794],9.399799
[8.959982],8.333734
[8.054136],7.1829667
[7.275346],5.9638667
[6.516793],4.7395663
[5.8453083],3.5078332
[5.0641847],2.3577664
[4.0562916],1.3471665
[2.7149975],0.6161
[0.92594236],0.20649998
[0.37955564],0.06449999
[0.15330356],0.00033333333
[0.12807065],0.0
[0.12534124],0.0
[0.12201834],0.0
[0.11223733],0.0
0,0.0
0,0.0
0,0.0
0,0.0
0,0.0
0,0.0
0,0.0
0,0.0
0,0.0
0,0.0
0,0.0
0,0.0
0,0.0
0,0.0
0,0.0
0,0.0
0,0.0
0,0.0
0,0.0
0,0.0
0,0.0
0,0.0
0,0.0
0,0.0
0,0.0
0,0.0
0,0.0
0,0.0
0,0.0
0,0.0
0,0.0
0,0.0
0,0.0
0,0.0
0,0.0
0,0.0
0,0.0
0,0.0
0,0.0
0,-0.00013333333
0,0.0
0,0.12386664
0,0.6221334
0,1.6408665
[1.5088518],2.6899333
[2.7795548],3.6266332
[4.3699713],4.852667
[5.509738],6.0696
[6.856569],7.275267
[7.9564853],8.445467
[9.291518],9.548066
[10.51883],10.5862665
[11.549214],11.528132
[12.337921],12.403068
[12.920252],13.212066
[13.440534],13.933333
[13.93717],14.598134
[14.391229],15.160733
[14.777736],15.638667
[15.136989],15.977667
[15.463154],16.295933
[15.703108],16.5352
[15.895881],16.608263
[15.9994],16.720068
[16.041359],16.876467
[16.090925],16.967266
[16.122944],16.844467
[16.079165],16.713602
[15.919936],16.553532
[15.665434],16.4344
[15.409554],16.081734
[15.0639305],15.727865
[14.64101],15.290499
[14.107008],14.840366
[13.705895],14.266534
[13.246623],13.619467
[12.693589],12.801833
[12.097701],12.086334
[11.405794],11.280534
[10.667344],10.281267
[9.766387],9.304267
[8.883742],8.235001
[8.0214205],7.1041336
[7.2394376],5.919867
[6.520767],4.715866
[5.874825],3.5169332
[5.142724],2.3560667
[4.234173],1.3592
[3.0205338],0.6233334
[1.2082472],0.21019998
[0.47282714],0.061066654
[0.18500257],0.0005333332
[0.14074212],0.0
[0.13149267],0.0
[0.12311202],0.0
[0.10242093],0.0
0,0.0
0,0.0
0,0.0
0,0.0
0,0.0
0,0.0
0,0.0
0,0.0
0,0.0
0,0.0
0,0.0
0,0.0
0,0.0
0,0.0
0,0.0
0,0.0
0,0.0
0,0.0
0,0.0
0,0.0
0,0.0
0,0.0
0,0.0
0,0.0
0,0.0
0,0.0
0,0.0
0,0.0
0,0.0
0,0.0
0,0.0
0,0.0
0,0.0
0,0.0
0,0.0
0,0.0
0,0.0
0,0.0
0,0.0
0,0.0
0,0.0
0,0.13213335
0,0.56343335
0,1.3496666
[0.71038616],2.402
[2.0003958],3.4698334
[3.861054],4.6304665
[4.873157],5.8307333
[6.1326733],7.036834
[7.300636],8.195033
[8.5333395],9.2989
[9.743711],10.341766
[10.802107],11.3175
[11.742955],12.151366
[12.365989],12.934167
[12.861697],13.635533
[13.281142],14.306932
[13.68278],14.870334
[14.04251],15.313534
[14.352895],15.7487
[14.71599],16.1549
[15.095687],16.366766
[15.360761],16.633734
[15.512898],16.684233
[15.618757],16.802698
[15.671542],16.885866
[15.710896],16.760035
[15.655291],16.560566
[15.474418],16.418266
[15.260713],16.175165
[15.008624],15.998667
[14.59375],16.325167
[14.111646],16.9086
[13.545291],11.378
[11.561187],6.3686
[9.341631],4.2265334
[5.04654],7.993667
[6.941757],3.6304667
[4.9526343],2.7782328
[3.6274016],10.3478
[6.754219],9.015666
[6.696044],7.0660334
[6.080608],3.4064333
[4.467282],2.0903997
[3.4188595],2.0642
[3.5248272],3.3497334
[3.852216],2.6370666
[3.6445158],1.1693999
[2.4486077],0.9304001
[1.6426711],0.32420003
[1.0110822],0.11293332
[2.1685648],0.005733333
[3.9272344],0.0
[4.5081396],0.0
[4.4270034],0.0
[4.5610623],0.0
0,0.0
0,0.0
0,0.0
0,0.0
0,0.0
0,0.0
0,0.0
0,0.0
0,0.0
0,0.0
0,0.0
0,0.0
0,0.0
0,0.0
0,0.0
0,0.0
0,0.0
0,0.0
0,0.0
0,0.0
0,0.0
0,0.0
0,0.0
0,0.0
0,0.0
0,0.0
0,0.0
0,0.0
0,0.0
0,0.0
0,0.0
0,0.0
0,0.0
0,0.0
0,0.0
0,0.0
0,0.0
0,0.0
0,0.0
0,0.0
0,0.07513333
0,0.4552
0,1.0316668
0,1.5807332
[1.5566127],1.3474665
[1.655396],1.7036666
[1.7690766],4.3919334
[3.851144],5.962333
[5.8812833],6.9222665
[7.628117],7.9136667
[8.325983],8.785867
[9.420619],9.859733
[10.3866],10.691999
[11.278188],11.6058
[11.797078],12.1538
[12.0021515],12.9470005
[12.277848],13.356333
[12.433919],13.991667
[13.13038],14.595667
[12.464736],14.9246
[13.857078],15.2242
[14.297292],15.582267
[14.731004],15.9332
[15.022111],16.342333
[14.99825],17.090601
[14.400791],14.7255335
[14.237685],15.985535
[15.113452],16.253666
[15.487431],16.1156
[15.220368],15.838033
[14.999828],15.466099
[14.6017685],15.0916
[14.039874],14.5691
[13.62511],14.163001
[13.162402],13.5281
[12.691628],12.852866
[11.9576435],12.125533
[11.384762],11.484066
[10.6540575],10.6567335
[9.663148],9.754099
[8.551248],5.7898664
[6.0705757],6.4880667
[5.8901033],2.0083666
[4.237468],1.1514333
[2.4877906],0.35936666
[0.91983074],0.14979997
[0.40247023],0.081466645
[0.20962995],0.061233327
[0.17742991],0.03903333
[0.15371257],0.013766667
[0.14104319],0.0
[0.1276545],0.0
[0.11487478],0.0
[0.08450443],0.0
[0.0091967],0.0
[-0.161852],0.0
0,0.0
0,0.0
0,0.0
0,0.0
0,0.0
0,0.0
0,0.0
0,0.0
0,0.0
0,0.0
0,0.0
0,0.0
0,0.0
0,0.0
0,0.0
0,0.0
0,0.0
0,0.0
0,0.0
0,0.0
0,0.0
0,0.0
0,0.0
0,0.0
0,0.0
0,0.0
0,0.0
0,0.0
0,0.0
0,0.0
0,0.0
0,0.0
0,0.0
0,0.0
0,0.0
0,0.0
0,0.0
0,0.0
0,0.0
0,0.0
0,0.0
0,0.16299997
0,0.63633335
0,1.4405333
[1.1696268],2.8894
[2.8534896],1.5626664
[2.2281759],2.3114665
[3.1153586],4.2326665
[4.308929],6.4806666
[6.6452913],7.528801
[7.772996],9.4202
[10.274767],10.516334
[10.822804],11.484667
[12.081441],12.406666
[12.516078],13.243333
[13.173316],13.9732
[13.558314],14.572867
[14.008891],15.157267
[14.382518],15.702001
[14.770871],16.189466
[15.161744],16.4924
[15.474185],16.822601
[15.705746],17.062067
[15.850518],17.1352
[15.935155],17.213867
[15.977231],17.198933
[16.010384],17.1226
[15.916015],17.008032
[15.80325],16.793835
[15.627976],16.5695
[15.464662],16.151535
[15.113496],15.7608
[14.644947],15.297701
[14.176778],14.728733
[13.696134],14.237934
[13.188195],13.5305
[12.612547],12.815101
[12.008854],11.966
[11.299213],11.028767
[10.403071],10.156533
[9.423945],9.192866
[8.536536],7.668733
[7.534236],6.9951334
[6.94441],5.8039002
[6.316972],4.7147
[5.7531586],3.2782001
[4.816124],2.3737333
[3.83612],1.0669
[2.1493385],0.41739997
[0.6132117],0.20476668
[0.27846622],0.06239998
[0.16095567],0.00059999997
[0.14488417],0.0
[0.12794685],0.0
[0.09929651],0.0
[0.0438233],0.0
0,0.0
0,0.0
0,0.0
0,0.0
0,0.0
0,0.0
0,0.0
0,0.0
0,0.0
0,0.0
0,0.0
0,0.0
0,0.0
0,0.0
0,0.0
0,0.0
0,0.0
0,0.0
0,0.0
0,0.0
0,0.0
0,0.0
0,0.0
0,0.0
0,0.0
0,0.0
0,0.0
0,0.0
0,0.0
0,0.0
0,0.0
0,0.0
0,0.0
0,0.0
0,0.0
0,0.0
0,0.0
0,0.0
0,0.0
0,-0.00013333333
0,0.049033333
0,0.4596667
0,0.9198667
0,1.4125334
[1.5324342],2.5100338
[2.2837439],3.8835332
[2.461655],3.807833
[2.838042],4.6341667
[3.55814],4.326533
[3.4418225],5.2415333
[4.6438212],5.839033
[4.908302],7.9287
[7.0893116],7.9515667
[6.581244],7.3055997
[8.550601],8.235133
[7.551332],9.828767
[8.68037],11.664533
[9.258166],12.007768
[9.757481],13.621167
[10.259471],10.941667
[8.769225],11.4362335
[10.673849],13.944401
[10.9996805],14.393399
[12.521377],15.461734
[12.307401],13.483566
[11.602291],12.807566
[11.502696],12.4698
[11.105597],13.296866
[11.155137],12.3649
[12.291434],10.575466
[10.810175],13.2394
[10.837884],13.1127
[8.375225],11.840401
[9.304717],12.680799
[9.720845],13.353766
[9.611417],8.929066
[6.720913],6.7324667
[6.6044602],7.800067
[8.204946],8.748933
[9.220699],5.2042665
[8.142232],3.8464
[5.3552704],6.6156664
[5.6437626],5.021167
[6.442375],3.2567668
[5.522061],2.661833
[4.855222],1.7996665
[3.9377415],1.0299335
[2.092104],0.65263325
[1.1341374],0.6433
[0.8484595],0.33086666
[0.6201799],0.07079999
[0.31697232],0.0075
[0.20876998],0.0
[0.18123871],0.0
[0.1748206],0.0
[0.17514116],0.0
0,0.0
0,0.0
0,0.0
0,0.0
0,0.0
0,0.0
0,0.0
0,0.0
0,0.0
0,0.0
0,0.0
0,0.0
0,0.0
0,0.0
0,0.0
0,0.0
0,0.0
0,0.0
0,0.0
0,0.0
0,0.0
0,0.0
0,0.0
0,0.0
0,0.0
0,0.0
0,0.0
0,0.0
0,0.0
0,0.0
0,0.0
0,0.0
0,0.0
0,0.0
0,0.0
0,0.0
0,0.0
0,0.0
0,0.0
0,0.0
0,0.0
0,0.19839998
0,0.55806667
0,1.5243334
[1.1720153],2.6072333
[3.489854],3.8215668
[4.6324816],5.0772667
[5.736744],6.3324666
[6.892645],7.560833
[8.209857],8.7592
[9.47328],9.901799
[10.70846],11.0192
[11.740037],12.0198
[12.55129],12.9098
[13.14698],13.786868
[13.560077],14.621334
[13.978578],15.284066
[14.450177],15.862599
[14.952071],16.1534
[15.232432],16.870068
[15.671472],17.528934
[15.6341095],16.184666
[15.241984],17.798265
[15.975898],17.6958
[16.466965],17.850534
[16.239744],17.964132
[16.196709],17.846268
[16.18253],17.125732
[16.079878],17.364769
[15.893267],17.119265
[15.876821],16.703333
[15.316587],16.229168
[14.876065],15.7209
[14.224402],15.228001
[13.98654],14.59
[13.36251],13.989668
[12.844529],13.208967
[12.260718],12.3603
[11.508498],11.459367
[10.612576],10.440233
[9.619156],9.4489
[8.830318],8.409067
[8.01376],7.205966
[7.2846727],6.0305
[6.5668616],4.6844335
[5.8305035],3.603
[5.175975],1.9991332
[3.8932743],0.89533335
[1.8792303],0.45256665
[0.6445066],0.13373332
[0.24016404],0.08283333
[0.16844916],0.004166666
[0.15191877],0.0
[0.13956296],0.0
[0.12542915],0.0
[0.10290533],0.0
0,0.0
0,0.0
0,0.0
0,0.0
0,0.0
0,0.0
0,0.0
0,0.0
0,0.0
0,0.0
0,0.0
0,0.0
0,0.0
0,0.0
0,0.0
0,0.0
0,0.0
0,0.0
0,0.0
0,0.0
0,0.0
0,0.0
0,0.0
0,0.0
0,0.0
0,0.0
0,0.0
0,0.0
0,0.0
0,0.0
0,0.0
0,0.0
0,0.0
0,0.0
0,0.0
0,0.0
0,0.0
0,0.0
0,0.0
0,0.0
0,0.0
0,0.22436666
0,0.59063333
0,1.5518999
[1.4273916],2.6229334
[3.6783395],3.8312669
[4.624183],5.069733
[5.7228956],6.2938333
[6.9446588],7.4904666
[8.224055],8.629233
[9.480621],9.72
[10.705123],10.781533
[11.717765],11.767
[12.555085],12.627168
[13.1540785],13.442367
[13.6162615],14.164501
[14.056664],14.8011
[14.5259695],15.455833
[14.85636],15.961766
[15.25958],16.506767
[15.64603],16.794733
[15.878648],16.887434
[15.979138],17.206467
[16.073011],17.300467
[16.168623],17.291967
[16.169498],17.453434
[16.20649],17.4332
[16.195356],17.448534
[16.148651],17.0865
[15.990354],17.0834
[15.800481],16.646734
[15.410214],16.309334
[14.844943],15.727965
[14.397269],15.163
[13.9518],14.6672325
[13.451882],13.920668
[12.90995],13.2494335
[12.375045],12.437034
[11.76064],11.565201
[10.957438],10.6615
[10.124834],9.629366
[9.240351],8.451967
[8.307305],7.322833
[7.456411],6.1222334
[6.7645392],4.8737664
[6.1258526],3.6562998
[5.4268913],2.4825
[4.5250278],1.4619
[3.2868345],0.68600005
[1.2181869],0.2628333
[0.448278],0.097433314
[0.18778247],0.0052333334
[0.15950227],0.0
[0.14913732],0.0
[0.13578725],0.0
[0.11868221],0.0
0,0.0
0,0.0
0,0.0
0,0.0
0,0.0
0,0.0
0,0.0
0,0.0
0,0.0
0,0.0
0,0.0
0,0.0
0,0.0
0,0.0
0,0.0
0,0.0
0,0.0
0,0.0
0,0.0
0,0.0
0,0.0
0,0.0
0,0.0
0,0.0
0,0.0
0,0.0
0,0.0
0,0.0
0,0.0
0,0.0
0,0.0
0,0.0
0,0.0
0,0.0
0,0.0
0,0.0
0,0.0
0,0.0
0,0.0
0,-6.666667e-05
0,0.00013333333
0,0.21739997
0,0.5195
0,1.5125333
[1.0905502],2.5907001
[3.487584],3.8280334
[4.640335],5.098267
[5.821995],6.3673663
[7.115985],7.598967
[8.335751],8.761499
[9.522333],9.862499
[10.680916],10.869433
[11.635123],11.786967
[12.423953],12.572466
[12.989279],13.3515005
[13.511004],13.946467
[13.874863],14.593732
[14.275369],15.195534
[14.65203],15.664534
[15.043857],16.190466
[15.368508],16.510601
[15.63562],16.739235
[15.800546],16.9701
[15.913663],17.336134
[16.054348],17.340899
[16.159721],17.557966
[16.157898],17.423967
[16.077007],17.059101
[15.96059],17.032999
[15.76609],16.873632
[15.613149],16.344467
[15.156952],15.866799
[14.612468],15.522468
[14.20527],15.139034
[13.884995],14.5921
[13.4717455],13.7256
[12.872023],13.160168
[12.308194],12.384733
[11.707197],11.495267
[10.919962],10.537001
[10.083577],9.581333
[9.26175],8.4178
[8.372254],7.2815337
[7.482453],6.046533
[6.753045],4.829
[6.1441617],3.6055334
[5.4303],2.432
[4.521839],1.4244001
[3.2937632],0.66693336
[1.1620936],0.25493333
[0.43423015],0.10313331
[0.18486673],0.0084666675
[0.16797662],0.0
[0.1517924],0.0
[0.1286915],0.0
[0.09749216],0.0
0,0.0
0,0.0
0,0.0
0,0.0
0,0.0
0,0.0
0,0.0
0,0.0
0,0.0
0,0.0
0,0.0
0,0.0
0,0.0
0,0.0
0,0.0
0,0.0
0,0.0
0,0.0
0,0.0
0,0.0
0,0.0
0,0.0
0,0.0
0,0.0
0,0.0
0,0.0
0,0.0
0,0.0
0,0.0
0,0.0
0,0.0
0,0.0
0,0.0
0,0.0
0,0.0
0,0.0
0,0.0
0,0.0
0,0.0
0,0.0
0,0.00020000001
0,0.21406665
0,0.39
0,1.5214667
[1.075527],2.6416
[3.304124],3.7685335
[4.496298],4.9740667
[5.5424595],6.2032
[6.8636775],7.4006
[8.150039],8.523467
[9.353606],9.5834675
[10.502202],10.477
[11.415887],11.4942665
[12.256526],12.3436
[12.794953],13.092334
[13.235747],13.675867
[13.585624],14.237066
[13.97787],14.754
[14.363563],15.246201
[14.777034],15.5518
[15.109298],15.8852005
[15.320708],16.2262
[15.534434],16.533867
[15.720259],16.614466
[15.826243],16.7892
[15.862357],16.918468
[15.896498],16.748234
[15.878327],16.642
[15.72642],16.4727
[15.539991],16.159166
[15.295317],15.7761
[14.845283],15.5744
[14.381108],15.054433
[14.04374],14.522133
[13.674703],13.904767
[13.138024],13.311667
[12.555819],12.589266
[11.994287],11.868667
[11.317005],11.047434
[10.535431],10.069034
[9.677892],9.103134
[8.858727],8.0822
[8.052239],6.9691668
[7.255025],5.7760334
[6.5415277],4.5728664
[5.946809],3.4032667
[5.278893],2.3104334
[4.425341],1.2449666
[3.1533177],0.66566676
[1.2176275],0.27856666
[0.4555571],0.10833331
[0.20616627],0.006233333
[0.17709446],0.0
[0.15179342],0.0
[0.11056024],0.0
[0.04509568],0.0
0,0.0
0,0.0
0,0.0
0,0.0
0,0.0
0,0.0
0,0.0
0,0.0
0,0.0
0,0.0
0,0.0
0,0.0
0,0.0
0,0.0
0,0.0
0,0.0
0,0.0
0,0.0
0,0.0
0,0.0
0,0.0
0,0.0
0,0.0
0,0.0
0,0.0
0,0.0
0,0.0
0,0.0
0,0.0
0,0.0
0,0.0
0,0.0
0,0.0
0,0.0
0,0.0
0,0.0
0,0.0
0,0.0
0,0.0
0,0.0
0,6.666667e-05
0,0.22083335
0,0.5151
0,1.4210334
[2.071733],2.4339666
[3.8047442],3.5934
[4.917798],4.812
[6.1812754],6.0338335
[7.3384333],7.213467
[8.551848],8.358133
[9.673433],9.4287
[10.779215],10.4291
[11.622884],11.390301
[12.377763],12.1977
[12.94896],13.044434
[13.4631815],13.7994995
[13.985281],14.4482
[14.501003],15.016433
[14.961827],15.532934
[15.387579],15.923433
[15.705608],16.263233
[15.863699],16.578533
[15.985151],16.823168
[16.084072],16.980967
[16.160995],16.997131
[16.143803],16.997831
[16.080921],16.984333
[15.931746],16.834768
[15.757286],16.601667
[15.51212],16.235065
[15.224429],15.870934
[14.768778],15.574934
[14.346158],14.995934
[13.981345],14.567133
[13.599174],13.9866
[13.072985],13.400467
[12.373842],12.671134
[11.696132],11.893933
[10.916596],11.056
[10.078389],10.177266
[9.292981],9.137267
[8.590491],8.071067
[7.8298693],6.9554
[7.057908],5.805333
[6.441164],4.6131997
[5.8800287],3.4220002
[5.265062],2.3276
[4.55],1.3625333
[3.7089393],0.64633334
[2.3087234],0.2503333
[0.8828385],0.091733314
[0.41313303],0.0
[0.11622828],0.0
[0.07526284],0.0
[0.09103656],0.0
[0.09754848],0.0
0,0.0
0,0.0
0,0.0
0,0.0
0,0.0
0,0.0
0,0.0
0,0.0
0,0.0
0,0.0
0,0.0
0,0.0
0,0.0
0,0.0
0,0.0
0,0.0
0,0.0
0,0.0
0,0.0
0,0.0
0,0.0
0,0.0
0,0.0
0,0.0
0,0.0
0,0.0
0,0.0
0,0.0
0,0.0
0,0.0
0,0.0
0,0.0
0,0.0
0,0.0
0,0.0
0,0.0
0,0.0
0,0.0
0,0.0
0,0.0
0,0.0
0,0.22336665
0,0.6584
0,1.2585334
[1.881876],2.3937333
[2.3640914],3.327067
[2.8888595],3.8689997
[3.569923],3.9173331
[4.2172165],4.6993337
[4.4008274],4.3008
[4.9369497],4.7158003
[6.201973],6.653867
[7.5922847],8.2112
[7.799012],9.015534
[8.288902],9.783266
[8.378076],12.157001
[10.828357],11.966666
[10.024378],13.299399
[12.8142],15.008134
[14.564196],13.211334
[12.848389],10.914667
[11.668462],13.3754
[11.662618],12.719132
[13.271503],10.570133
[12.363036],13.576399
[13.561326],13.248466
[12.506598],15.600065
[12.579698],11.971332
[11.105649],12.627733
[8.901542],13.460332
[9.81366],14.844667
[11.780024],11.238734
[7.8499393],7.960067
[8.502064],11.566934
[10.21791],12.175334
[10.18848],6.8728004
[6.3476725],5.9985332
[7.042215],7.9049993
[8.487748],9.424733
[9.473879],6.2516
[7.640443],5.5368667
[5.99617],7.1654005
[6.6053467],3.730133
[5.8800116],3.2924
[5.6838098],2.120733
[4.8863935],2.1492667
[4.75105],1.382333
[3.8655705],1.4185333
[3.4852793],0.5672
[1.490646],0.1389333
[0.8479065],0.052666657
[0.5534152],0.0
[0.24417812],0.0
[0.10158384],0.0
[-0.00579274],0.0
[0.12715799],0.0
0,0.0
0,0.0
0,0.0
0,0.0
0,0.0
0,0.0
0,0.0
0,0.0
0,0.0
0,0.0
0,0.0
0,0.0
0,0.0
0,0.0
0,0.0
0,0.0
0,0.0
0,0.0
0,0.0
0,0.0
0,0.0
0,0.0
0,0.0
0,0.0
0,0.0
0,0.0
0,0.0
0,0.0
0,0.0
0,0.0
0,0.0
0,0.0
0,0.0
0,0.0
0,0.0
0,0.0
0,0.0
0,0.0
0,0.0
0,0.0
0,6.666667e-05
0,0.37986675
0,0.8053333
0,1.5293332
[2.1214995],2.2298002
[2.6847758],2.8462
[3.065663],3.7366002
[3.833968],4.2876
[3.9708827],5.449533
[5.209855],6.1677337
[6.307688],7.2999334
[6.9529533],6.4248667
[7.779591],9.301267
[9.949388],10.2298
[8.933188],10.214733
[11.509217],12.500333
[11.05018],11.559466
[12.292984],14.272266
[14.031153],13.699134
[13.741323],14.730466
[14.510251],15.169134
[14.586729],15.688999
[15.288579],15.653268
[15.174188],15.706133
[15.252603],16.100735
[15.470005],16.266666
[15.557519],16.2482
[15.2050905],16.155735
[14.165677],16.1526
[13.979881],15.844799
[13.752511],15.740334
[13.410291],15.235333
[13.00399],14.72
[12.372752],14.3308
[11.877637],13.711334
[11.207482],12.9864
[10.704085],12.2938
[10.057876],11.515333
[9.691059],10.625067
[8.870536],9.615033
[8.247187],8.5753
[7.7552004],7.4774666
[7.0221634],6.3590665
[6.3928914],5.2269664
[5.839674],4.1417665
[5.269985],3.1382668
[4.6668806],2.2314334
[3.9529269],1.4295332
[3.0437243],0.83823335
[1.5048441],0.4267
[0.6556715],0.14833333
[0.28098875],0.010733333
[0.09924018],0.0
[0.09615695],0.0
[0.10723197],0.0
[0.09855503],0.0
0,0.0
0,0.0
0,0.0
0,0.0
0,0.0
0,0.0
0,0.0
0,0.0
0,0.0
0,0.0
0,0.0
0,0.0
0,0.0
0,0.0
0,0.0
0,0.0
0,0.0
0,0.0
0,0.0
0,0.0
0,0.0
0,0.0
0,0.0
0,0.0
0,0.0
0,0.0
0,0.0
0,0.0
0,0.0
0,0.0
0,0.0
0,0.0
0,0.0
0,0.0
0,0.0
0,0.0
0,0.0
0,0.0
0,0.0
0,0.0
0,0.018966664
0,0.2784333
0,0.44073328
0,1.4842668
[2.0382576],2.5429668
[3.8769739],3.6939
[4.8952723],4.9011664
[6.5102816],6.1347995
[7.528166],7.337833
[8.915568],8.532967
[10.101075],9.638634
[11.365646],10.714233
[12.321679],11.654266
[13.095856],12.572467
[13.680749],13.366699
[14.22112],14.1434
[14.776852],14.8264
[15.341478],15.432134
[15.75545],15.983968
[16.111925],16.425798
[16.320974],16.833635
[16.435488],17.1288
[16.612116],17.244133
[16.654072],17.420467
[16.655956],17.533602
[16.641562],17.550232
[16.63774],17.501966
[16.545382],17.3264
[16.358315],17.2178
[16.21661],16.904068
[15.999965],16.513233
[15.56128],16.079634
[15.192184],15.709834
[14.694148],15.129835
[14.275745],14.542799
[13.611403],13.915632
[12.953153],13.111899
[12.32023],12.332834
[11.587974],11.416367
[10.617624],10.423566
[9.686539],9.429467
[8.99212],8.2814
[8.164742],7.1366334
[7.3551474],5.9705663
[6.6729317],4.767033
[6.114517],3.5581665
[5.455821],2.4267
[4.567476],1.4576334
[3.4796264],0.7384001
[1.7393496],0.29153335
[0.60958236],0.12803331
[0.2559402],0.017333332
[0.09298021],0.0
[0.09388065],0.0
[0.10838634],0.0
[0.11369759],0.0
0,0.0
0,0.0
0,0.0
0,0.0
0,0.0
0,0.0
0,0.0
0,0.0
0,0.0
0,0.0
0,0.0
0,0.0
0,0.0
0,0.0
0,0.0
0,0.0
0,0.0
0,0.0
0,0.0
0,0.0
0,0.0
0,0.0
0,0.0
0,0.0
0,0.0
0,0.0
0,0.0
0,0.0
0,0.0
0,0.0
0,0.0
0,0.0
0,0.0
0,0.0
0,0.0
0,0.0
0,0.0
0,0.0
0,0.0
0,0.0
0,0.02996666
0,0.2189
0,0.31563333
0,1.5106333
[2.1734645],2.6762667
[4.1219387],3.8740664
[5.2530107],5.1110334
[6.844453],6.3494997
[7.9028006],7.585067
[9.267518],8.7601
[10.479304],9.889767
[11.736857],10.908634
[12.658494],11.861267
[13.430784],12.731801
[14.0126095],13.620967
[14.5680895],14.3099
[15.148302],15.082032
[15.608542],15.609533
[16.041931],16.134998
[16.317793],16.661633
[16.511656],16.9642
[16.63452],17.1976
[16.775478],17.508568
[16.828995],17.583967
[16.871014],17.658598
[16.845387],17.623531
[16.841469],17.555233
[16.672945],17.483536
[16.51243],17.269632
[16.378231],17.009068
[16.077572],16.657467
[15.594687],16.3326
[15.202555],15.769734
[14.753783],15.208633
[14.312684],14.564366
[13.693372],13.882
[13.023866],13.128934
[12.409118],12.364467
[11.7170725],11.462801
[10.810849],10.5141325
[9.875731],9.508467
[9.212618],8.386933
[8.379377],7.2185006
[7.547281],6.0108666
[6.815218],4.8140664
[6.249807],3.6218336
[5.6280375],2.4732332
[4.7903886],1.4791666
[3.7443347],0.7206
[2.0801451],0.27196664
[0.66950625],0.11706664
[0.31312108],0.016466664
[0.10266829],0.0
[0.09236038],0.0
[0.10920388],0.0
[0.11584359],0.0
0,0.0
0,0.0
0,0.0
0,0.0
0,0.0
0,0.0
0,0.0
0,0.0
0,0.0
0,0.0
0,0.0
0,0.0
0,0.0
0,0.0
0,0.0
0,0.0
0,0.0
0,0.0
0,0.0
0,0.0
0,0.0
0,0.0
0,0.0
0,0.0
0,0.0
0,0.0
0,0.0
0,0.0
0,0.0
0,0.0
0,0.0
0,0.0
0,0.0
0,0.0
0,0.0
0,0.0
0,0.0
0,0.0
0,0.0
0,0.0
0,0.042433336
0,0.2876333
0,0.47906667
0,1.5888333
[2.1319664],2.7010667
[4.023971],3.8855667
[5.084525],5.0983005
[6.5340137],6.3155336
[7.573265],7.4961333
[8.922465],8.6474
[10.133946],9.728868
[11.422631],10.7142
[12.364633],11.670533
[13.15498],12.532534
[13.754325],13.245467
[14.291299],13.926268
[14.832789],14.526866
[15.376906],15.09
[15.781017],15.663601
[16.102749],16.029533
[16.323483],16.399466
[16.435425],16.832132
[16.599277],17.068933
[16.673231],17.140068
[16.68972],17.227934
[16.609835],17.286665
[16.611738],17.202333
[16.402855],17.1676
[16.169043],16.885334
[16.02488],16.6549
[15.71524],16.402565
[15.3366785],15.912434
[14.988319],15.460867
[14.492334],14.999801
[13.997918],14.373334
[13.396934],13.738467
[12.706496],12.9062
[12.096318],12.1181
[11.3946905],11.207001
[10.453829],10.3132
[9.646823],9.310334
[9.004259],8.220166
[8.203551],7.0656333
[7.3946996],5.9090667
[6.7102365],4.722033
[6.1637316],3.5292335
[5.5355835],2.4151
[4.7589192],1.4508
[3.8009243],0.7220667
[2.2913196],0.28270003
[0.7521916],0.12546664
[0.38082194],0.023733333
[0.12368643],0.0
[0.09437233],0.0
[0.10945761],0.0
[0.11516994],0.0
0,0.0
0,0.0
0,0.0
0,0.0
0,0.0
0,0.0
0,0.0
0,0.0
0,0.0
0,0.0
0,0.0
0,0.0
0,0.0
0,0.0
0,0.0
0,0.0
0,0.0
0,0.0
0,0.0
0,0.0
0,0.0
0,0.0
0,0.0
0,0.0
0,0.0
0,0.0
0,0.0
0,0.0
0,0.0
0,0.0
0,0.0
0,0.0
0,0.0
0,0.0
0,0.0
0,0.0
0,0.0
0,0.0
0,0.0
0,0.0
0,0.04166667
0,0.24980001
0,0.39116666
0,1.5002
[1.4200866],2.5721667
[3.5067608],3.6980333
[4.8034577],4.8664665
[6.132622],6.0400004
[7.2139635],7.1745667
[8.429106],8.2818
[9.605561],9.3928
[10.890911],10.401333
[11.930642],11.318399
[12.724135],12.1642
[13.298479],13.001599
[13.817134],13.659733
[14.383083],14.239201
[14.882172],14.802466
[15.305592],15.279
[15.701742],15.754466
[15.974854],16.064867
[16.086018],16.360733
[16.311342],16.613667
[16.37419],16.8824
[16.395872],16.8556
[16.401527],16.738468
[16.373585],16.591
[16.11872],16.528934
[15.874154],16.42607
[15.792009],16.2826
[15.519234],15.903266
[15.230145],15.536401
[14.808873],15.180201
[14.370242],14.5802
[13.80767],13.949667
[13.222758],13.252199
[12.5507145],12.644033
[11.955981],11.789967
[11.261646],10.969867
[10.268702],10.040933
[9.383515],8.958366
[8.727627],7.962067
[7.983872],6.8518667
[7.24014],5.696067
[6.54528],4.5414667
[6.020028],3.4296665
[5.4253054],2.3438668
[4.6843705],1.4293998
[3.792662],0.7335333
[2.3816888],0.31746668
[0.7878359],0.1437333
[0.41142708],0.023466667
[0.13819969],0.0
[0.10002667],0.0
[0.11151618],0.0
[0.11464548],0.0
0,0.0
0,0.0
0,0.0
0,0.0
0,0.0
0,0.0
0,0.0
0,0.0
0,0.0
0,0.0
0,0.0
0,0.0
0,0.0
0,0.0
0,0.0
0,0.0
0,0.0
0,0.0
0,0.0
0,0.0
0,0.0
0,0.0
0,0.0
0,0.0
0,0.0
0,0.0
0,0.0
0,0.0
0,0.0
0,0.0
0,0.0
0,0.0
0,0.0
0,0.0
0,0.0
0,0.0
0,0.0
0,0.0
0,0.0
0,-6.666667e-05
0,0.037
0,0.27906662
0,0.4602
0,1.4846667
[1.3223767],2.5121999
[3.4261498],3.6128001
[4.6125765],4.7716665
[5.913821],5.9410667
[7.0024557],7.1256003
[8.300827],8.2522
[9.466035],9.3348
[10.732039],10.333266
[11.764955],11.326933
[12.581643],12.211133
[13.206078],13.039933
[13.727169],13.728467
[14.281997],14.3428
[14.806137],14.816266
[15.198877],15.3076
[15.57149],15.653599
[15.85903],16.058334
[16.066275],16.355469
[16.231733],16.491001
[16.278255],16.562532
[16.278006],16.687332
[16.311165],16.711134
[16.239548],16.714466
[15.984336],16.682068
[15.793849],16.4772
[15.754684],16.1746
[15.479619],15.894434
[15.129446],15.5669985
[14.751111],14.953866
[14.398638],14.5642
[13.8247175],13.9001665
[13.274386],13.240968
[12.591323],12.575367
[12.006882],11.8922
[11.336303],10.964434
[10.366765],10.032334
[9.392585],9.076234
[8.718318],8.0581
[7.970968],6.9251
[7.210711],5.7614
[6.545117],4.6162333
[6.0226974],3.4756
[5.4093328],2.3709333
[4.6338444],1.4490665
[3.7034137],0.73870003
[2.2550576],0.3030667
[0.7102315],0.14033332
[0.35914952],0.027466666
[0.13235927],0.0
[0.10498464],0.0
[0.11411458],0.0
[0.10955971],0.0
0,0.0
0,0.0
0,0.0
0,0.0
0,0.0
0,0.0
0,0.0
0,0.0
0,0.0
0,0.0
0,0.0
0,0.0
0,0.0
0,0.0
0,0.0
0,0.0
0,0.0
0,0.0
0,0.0
0,0.0
0,0.0
0,0.0
0,0.0
0,0.0
0,0.0
0,0.0
0,0.0
0,0.0
0,0.0
0,0.0
0,0.0
0,0.0
0,0.0
0,0.0
0,0.0
0,0.0
0,0.0
0,0.0
0,0.0
0,0.0
0,0.0684
0,0.26673332
0,0.48033336
0,1.4843999
[1.2766185],2.5672002
[3.7808778],3.7258332
[4.859247],4.937667
[6.3424253],6.1702337
[7.3083787],7.3830333
[8.631616],8.546767
[9.78544],9.6636
[11.040056],10.6852
[12.071281],11.652467
[12.89741],12.575934
[13.514593],13.435166
[14.066222],14.115633
[14.663411],14.7808
[15.178588],15.334065
[15.55417],15.853666
[15.916373],16.356068
[16.174458],16.751432
[16.321114],16.989866
[16.517296],17.211634
[16.54368],17.452934
[16.582216],17.533466
[16.609976],17.498335
[16.574953],17.368132
[16.391066],17.352932
[16.284143],17.201735
[16.246166],16.8977
[15.915005],16.5142
[15.534965],16.068167
[15.088382],15.592001
[14.744048],15.029267
[14.221468],14.439366
[13.675647],13.771067
[12.998347],13.0293
[12.417559],12.2406
[11.711893],11.354434
[10.748877],10.413699
[9.777225],9.372333
[9.052737],8.3203
[8.275898],7.2014003
[7.4915986],6.0165334
[6.786018],4.8059998
[6.24009],3.6297333
[5.5819483],2.5017002
[4.7492743],1.5192666
[3.6654208],0.7611334
[2.0776951],0.32186666
[0.61100286],0.15446666
[0.29471815],0.029766666
[0.12104595],0.0
[0.11019754],0.0
[0.11959767],0.0
[0.1200375],0.0
0,0.0
0,0.0
0,0.0
0,0.0
0,0.0
0,0.0
0,0.0
0,0.0
0,0.0
0,0.0
0,0.0
0,0.0
0,0.0
0,0.0
0,0.0
0,0.0
0,0.0
0,0.0
0,0.0
0,0.0
0,0.0
0,0.0
0,0.0
0,0.0
0,0.0
0,0.0
0,0.0
0,0.0
0,0.0
0,0.0
0,0.0
0,0.0
0,0.0
0,0.0
0,0.0
0,0.0
0,0.0
0,0.0
0,0.0
0,0.0
0,0.06633333
0,0.23246668
0,0.35973334
0,1.5103999
[1.2725015],2.6861336
[3.9495475],3.8679333
[5.0326796],5.0952
[6.579951],6.3231335
[7.454589],7.5385327
[8.806478],8.7062
[9.998118],9.8127
[11.285523],10.843034
[12.3277445],11.778567
[13.117169],12.704767
[13.742114],13.495033
[14.312736],14.232734
[14.920595],14.8475
[15.414005],15.410234
[15.775804],15.876634
[16.110542],16.383701
[16.32337],16.661167
[16.472801],16.984867
[16.63322],17.094534
[16.661444],17.252565
[16.636019],17.313332
[16.680017],17.199
[16.631727],17.152433
[16.400122],17.09
[16.331934],16.9098
[16.265503],16.740366
[15.93521],16.3084
[15.550292],15.978333
[15.078299],15.454933
[14.691141],14.924567
[14.114774],14.267466
[13.636498],13.649
[13.00405],12.947734
[12.43949],12.114934
[11.72289],11.3007
[10.811344],10.400067
[9.909022],9.428567
[9.261576],8.303567
[8.433162],7.1541343
[7.6248417],6.0279
[6.900947],4.8206334
[6.3267055],3.6244333
[5.6868567],2.5158331
[4.9569507],1.5404665
[4.001814],0.7861334
[2.6408024],0.3224
[0.7797714],0.16146664
[0.4217403],0.03496666
[0.14805162],-0.00059999997
[0.11015087],0.0
[0.12205905],0.0
[0.12391186],0.0
0,0.0
0,0.0
0,0.0
0,0.0
0,0.0
0,0.0
0,0.0
0,0.0
0,0.0
0,0.0
0,0.0
0,0.0
0,0.0
0,0.0
0,0.0
0,0.0
0,0.0
0,0.0
0,0.0
0,0.0
0,0.0
0,0.0
0,0.0
0,0.0
0,0.0
0,0.0
0,0.0
0,0.0
0,0.0
0,0.0
0,0.0
0,0.0
0,0.0
0,0.0
0,0.0
0,0.0
0,0.0
0,0.0
0,-0.00013333333
0,0.0
0,0.05846667
0,0.27546662
0,0.44050005
0,1.5194666
[1.2944953],2.6608334
[3.8875039],3.8115
[4.9060426],4.9937663
[6.272659],6.1700997
[7.178795],7.3079
[8.458462],8.426534
[9.638661],9.4761
[10.9339285],10.458834
[11.948244],11.3262005
[12.712104],12.147934
[13.2546015],12.912533
[13.773471],13.612567
[14.317576],14.168366
[14.802717],14.694135
[15.197183],15.1298
[15.580447],15.533167
[15.845203],15.906234
[16.036444],16.257933
[16.244804],16.427967
[16.314062],16.637033
[16.26856],16.857533
[16.351702],16.7205
[16.228727],16.707466
[15.990607],16.5999
[15.924452],16.3732
[15.821518],16.115067
[15.492518],15.922733
[15.102141],15.534999
[14.774603],15.286267
[14.389516],14.6912
[13.971165],14.008266
[13.451923],13.269867
[12.765061],12.571401
[12.103751],11.908434
[11.405084],11.1182995
[10.553477],10.261933
[9.674188],9.235066
[9.075359],8.166467
[8.3040695],7.0588336
[7.528426],5.9177
[6.8055234],4.7371335
[6.2536693],3.5487335
[5.638597],2.4672666
[4.952094],1.5122665
[4.1219687],0.77000004
[2.9093897],0.31746665
[0.9610005],0.15626663
[0.5264799],0.039133325
[0.19322848],-0.00026666667
[0.11900479],0.0
[0.12318057],0.0
[0.12136793],0.0
0,0.0
0,0.0
0,0.0
0,0.0
0,0.0
0,0.0
0,0.0
0,0.0
0,0.0
0,0.0
0,0.0
0,0.0
0,0.0
0,0.0
0,0.0
0,0.0
0,0.0
0,0.0
0,0.0
0,0.0
0,0.0
0,0.0
0,0.0
0,0.0
0,0.0
0,0.0
0,0.0
0,0.0
0,0.0
0,0.0
0,0.0
0,0.0
0,0.0
0,0.0
0,0.0
0,0.0
0,0.0
0,0.0
0,0.0
0,0.0
0,0.0892
0,0.26746666
0,0.4582667
0,1.4494001
[1.0785441],2.5726
[3.5602643],3.6894665
[4.6642485],4.8504667
[6.004704],6.017133
[7.058611],7.127466
[8.272708],8.203466
[9.411084],9.305266
[10.628438],10.248933
[11.6414385],11.1312
[12.386432],12.0152
[12.955466],12.755134
[13.449058],13.378599
[13.93126],13.976199
[14.380104],14.548667
[14.759082],15.136066
[15.161303],15.7126
[15.537618],16.012335
[15.806832],16.244598
[16.00326],16.4878
[16.052534],16.6772
[16.04415],5.6047997
0,0.0
0,0.0
0,0.0
0,0.0
0,0.0
0,0.0
0,0.0
0,0.0
0,0.0
0,0.0
0,0.0
0,0.0
0,0.0
0,0.0
0,0.0
0,0.0
0,0.0
0,0.0
0,0.0
0,0.0
0,0.0
0,0.0
0,0.0
0,0.0
0,0.114833355
0,0.28179994
0,0.43900004
0,1.3757666
[2.3543186],2.6421332
[3.8775713],3.8494334
[4.709712],5.090833
[5.952839],6.3030667
[7.2039785],7.4870667
[8.470565],8.625934
[9.589507],9.707933
[10.681397],10.735134
[11.556263],11.663867
[12.258544],12.528333
[12.786141],13.311
[13.248965],13.986701
[13.678936],14.501765
[14.043788],15.1548
[14.364786],15.660666
[14.750371],16.084633
[15.091162],16.460533
[15.359483],16.5759
[15.64941],16.819967
[15.758616],16.953434
[15.7851305],16.955467
[15.708756],17.018566
[15.360186],17.005966
[15.116393],17.095034
[15.40591],16.691566
[15.427223],16.393166
[15.16852],15.996234
[14.7273245],15.836567
[14.440335],15.459001
[14.154835],14.915167
[13.787456],14.3744335
[13.234916],13.6682005
[12.656356],13.0735
[12.082929],12.354967
[11.419375],11.4935665
[10.61163],10.58
[9.705268],9.5612
[9.034474],8.513933
[8.323906],7.434433
[7.624439],6.2458334
[6.879116],5.010867
[6.2752557],3.8282
[5.6970825],2.6538665
[5.076226],1.6212332
[4.362321],0.81563336
[3.4303021],0.3505
[1.2751951],0.19639999
[0.63431364],0.07999998
[0.26628435],0.0028333336
[0.1733588],0.0
[0.14094472],0.0
[0.07242298],0.0
0,0.0
0,0.0
0,0.0
0,0.0
0,0.0
0,0.0
0,0.0
0,0.0
0,0.0
0,0.0
0,0.0
0,0.0
0,0.0
0,0.0
0,0.0
0,0.0
0,0.0
0,0.0
0,0.0
0,0.0
0,0.0
0,0.0
0,0.0
0,0.0
0,0.0
0,0.0
0,0.0
0,0.0
0,0.0
0,0.0
0,0.0
0,0.0
0,0.0
0,0.0
0,0.0
0,0.0
0,0.0
0,0.0
0,-0.00013333333
0,0.0
0,0.16679998
0,0.5030667
0,0.8383333
0,1.5469334
[1.7035778],2.3262665
[2.650032],3.4758
[3.2946267],4.670533
[4.4151683],5.6204667
[5.300048],7.5728
[6.8762302],5.285333
[5.5935445],4.8543334
[6.842787],5.5331335
[5.8730288],9.5616
[9.112311],10.378467
[9.540293],12.700133
[12.413047],13.3522
[12.423021],13.9862
[13.21001],14.405533
[13.21663],14.8015995
[13.709577],15.299132
[13.864461],15.624833
[14.226385],15.863267
[14.384098],16.0482
[14.639756],16.143467
[14.598876],16.236967
[14.640733],16.2681
[14.375309],16.2383
[14.438431],16.007168
[14.504397],16.008598
[14.612522],15.854434
[14.4876],15.652865
[14.103233],15.340433
[13.560672],14.8074
[12.335075],14.3272
[11.59106],13.772301
[11.4689],13.3551
[11.902947],10.810866
[10.348846],12.0926
[10.262895],10.6515
[8.922387],10.155733
[8.950443],6.3722334
[5.3179164],4.9433665
[5.6469173],6.313767
[6.6387396],6.6674337
[6.6318135],4.444333
[5.657639],4.6599665
[5.2795515],3.2959998
[4.8628225],1.9610333
[4.1083527],1.5136667
[3.5293553],0.9988667
[2.164339],0.49449998
[0.9704835],0.16539997
[0.67892677],0.007833333
[2.9652977],0.0
[4.3985047],0.0
[4.606005],0.0
0,0.0
0,0.0
0,0.0
0,0.0
0,0.0
0,0.0
0,0.0
0,0.0
0,0.0
0,0.0
0,0.0
0,0.0
0,0.0
0,0.0
0,0.0
0,0.0
0,0.0
0,0.0
0,0.0
0,0.0
0,0.0
0,0.0
0,0.0
0,0.0
0,0.0
0,0.0
0,0.0
0,0.0
0,0.0
0,0.0
0,0.0
0,0.0
0,0.0
0,0.0
0,0.0
0,0.0
0,0.0
0,0.0
0,-6.666667e-05
0,0.0336
0,0.22413334
0,0.14106664
0,0.20026667
0,0.48926663
[0.28181732],0.91953343
[0.5241273],1.4816666
[1.0814314],2.4415998
[1.683703],3.3751335
[1.9438045],5.925667
[3.591267],8.4106
[5.7332163],8.65
[6.5381527],8.869467
[7.6471777],9.8128
[7.36411],7.615533
[7.1227045],13.4598
[11.08306],13.668734
[10.5506525],15.008867
[13.120441],13.717799
[12.270909],14.713666
[13.643144],14.575734
[9.959983],14.179
[13.303745],16.601267
[15.455576],16.841599
[15.60159],17.008667
[15.208787],17.085598
[15.100839],17.035666
[15.035197],16.967667
[15.076964],16.821733
[15.377902],16.617668
[15.247584],16.407133
[14.884479],15.982533
[14.537501],15.692266
[14.369885],15.292268
[14.013708],14.714533
[13.719022],14.2274
[13.227746],13.585466
[12.537141],12.8446665
[11.907398],12.073267
[11.278966],11.222866
[10.3457],10.339333
[9.531119],9.387733
[8.860835],8.324066
[7.962351],7.212534
[6.8876534],6.0836
[6.5809703],4.9094
[6.186911],3.7558002
[5.5774655],2.6534
[4.864968],1.67
[4.0039873],0.92126673
[2.8142169],0.4680667
[0.8143889],0.24786665
[0.38700563],0.10659999
[0.19219047],0.0055333334
[0.12464809],0.0
[0.0419358],0.0
[0.41009897],0.0
0,0.0
0,0.0
0,0.0
0,0.0
0,0.0
0,0.0
0,0.0
0,0.0
0,0.0
0,0.0
0,0.0
0,0.0
0,0.0
0,0.0
0,0.0
0,0.0
0,0.0
0,0.0
0,0.0
0,0.0
0,0.0
0,0.0
0,0.0
0,0.0
0,0.0
0,0.0
0,0.0
0,0.0
0,0.0
0,0.0
0,0.0
0,0.0
0,0.0
0,0.0
0,0.0
0,0.0
0,0.0
0,0.0
0,-0.00013333333
0,0.0
0,0.1248
0,0.30849993
0,0.5071667
0,1.3039333
[2.1563306],2.5518668
[3.9072042],3.7513335
[4.7516165],5.002267
[5.8550663],6.231
[7.2289495],7.4867334
[8.461098],8.7048
[9.684524],9.861934
[10.856142],10.907534
[11.825841],11.867333
[12.586183],12.760932
[13.124158],13.566268
[13.578883],14.3152
[13.996039],14.967533
[14.420413],15.542333
[14.784062],16.055868
[15.171853],16.532536
[15.526812],16.926268
[15.755073],17.185535
[15.998029],17.46667
[16.126865],17.578068
[16.10774],17.653868
[15.978027],17.661068
[15.767287],17.645733
[15.682212],17.503733
[15.911952],17.321665
[15.85269],17.156868
[15.550092],16.734802
[15.209295],16.415533
[14.847062],16.004534
[14.549934],15.373401
[14.094904],14.755199
[13.563155],14.179267
[12.963069],13.414333
[12.386582],12.629532
[11.722772],11.791201
[10.929188],10.8688
[10.099828],9.826734
[9.337323],8.7242
[8.522895],7.5896664
[7.7602987],6.3828
[7.0368214],5.1415
[6.450305],3.9409666
[5.856329],2.7698
[5.1619563],1.7075334
[4.3122325],0.0
[3.1445925],0.0
[0.9495494],0.0
[0.44535583],0.0
[0.21177518],0.0
[0.16550863],0.0
[0.13871354],0.0
[0.07722604],0.0
0,0.0
0,0.0
0,0.0
0,0.0
0,0.0
0,0.0
0,0.0
0,0.0
0,0.0
0,0.0
0,0.0
0,0.0
0,0.0
0,0.0
0,0.0
0,0.0
0,0.0
0,0.0
0,0.0
0,0.0
0,0.0
0,0.0
0,0.0
0,0.0
0,0.0
0,0.0
0,0.0
0,0.0
0,0.0
0,0.0
0,0.0
0,0.0
0,0.0
0,0.0
0,0.0
0,0.0
0,0.0
0,0.0
0,0.0
0,0.0
0,0.17003332
0,0.355
0,0.53186667
0,1.2880666
[2.1907318],2.4620333
[3.8052602],3.5873668
[4.4559507],4.7847667
[5.45094],5.9956665
[6.7655478],7.1874
[8.0377655],8.380966
[9.16595],9.509433
[10.4114275],10.747867
[11.314864],12.637501
[11.9047575],12.345267
[13.1157255],13.052667
[13.353149],13.768467
[13.749913],14.6133995
[13.950742],15.283767
[14.234955],16.057833
[14.7968855],15.994368
[15.458465],16.317
[15.543516],16.608868
[15.706113],16.755667
[15.758429],16.9478
[15.80037],16.988733
[15.666065],17.101131
[15.469014],17.074467
[15.359661],16.923666
[15.546634],16.716469
[15.463021],16.4716
[15.19539],16.157066
[14.805791],15.826467
[14.487561],15.409
[14.176181],14.881267
[13.861697],14.199201
[13.305672],13.608533
[12.557893],12.886667
[12.113473],12.106067
[11.453982],11.287867
[10.661786],10.3835335
[9.722344],9.453401
[8.863558],8.358001
[8.08343],7.2609997
[7.484875],6.1402664
[6.8418865],4.9836664
[6.3126526],3.8243332
[5.715],2.7074
[5.041639],1.5873333
[4.0808277],0.9774667
[3.0372193],0.5264
[1.0129979],0.29059997
[0.45491344],0.20046665
[0.22885466],0.01913333
[0.15556395],0.0
[0.08732605],0.0
[0.04769439],0.0
0,0.0
0,0.0
0,0.0
0,0.0
0,0.0
0,0.0
0,0.0
0,0.0
0,0.0
0,0.0
0,0.0
0,0.0
0,0.0
0,0.0
0,0.0
0,0.0
0,0.0
0,0.0
0,0.0
0,0.0
0,0.0
0,0.0
0,0.0
0,0.0
0,0.0
0,0.0
0,0.0
0,0.0
0,0.0
0,0.0
0,0.0
0,0.0
0,0.0
0,0.0
0,0.0
0,0.0
0,0.0
0,0.0
0,-0.00013333333
0,0.0
0,0.13926665
0,0.3379333
0,0.55480003
0,1.2951335
[1.9318721],2.4546664
[3.5826125],3.5747335
[4.28452],4.7801337
[5.448934],5.9664664
[6.7420053],7.131867
[7.9787064],8.2394
[9.0647],9.294267
[10.200999],10.274333
[11.114291],11.2246
[11.907572],12.069934
[12.465201],12.822734
[12.917002],13.517866
[13.314412],14.111867
[13.595947],14.667466
[13.885682],15.077867
[14.176449],15.594666
[14.325241],15.527066
[14.449705],16.259867
[15.211624],16.383
[15.508941],16.38186
[15.337382],16.622133
[15.261823],16.600733
[15.114173],16.560268
[15.007262],16.337101
[15.111702],16.292534
[14.973531],15.841367
[14.638606],15.706567
[14.519841],15.734467
[14.40599],15.348101
[14.203576],14.875401
[13.637051],14.694734
[13.109862],14.5485325
[12.547341],14.036968
[12.169461],13.676267
[11.34666],13.039633
[10.884494],11.604966
[10.197028],9.9187
[9.311181],5.204966
[6.327077],3.7042336
[5.4290724],4.6966333
[5.6828747],3.8490667
[5.275795],1.1939666
[3.5626566],1.0821998
[2.5946476],0.9900334
[1.6846504],0.77410007
[0.81616396],0.5796333
[0.42249024],0.3667333
[0.24776578],0.14249998
[0.19024545],0.0056333337
[0.13010377],0.0
[0.04134291],0.0
[4.1217113],0.0
0,0.0
0,0.0
0,0.0
0,0.0
0,0.0
0,0.0
0,0.0
0,0.0
0,0.0
0,0.0
0,0.0
0,0.0
0,0.0
0,0.0
0,0.0
0,0.0
0,0.0
0,0.0
0,0.0
0,0.0
0,0.0
0,0.0
0,0.0
0,0.0
0,0.0
0,0.0
0,0.0
0,0.0
0,0.0
0,0.0
0,0.0
0,0.0
0,0.0
0,0.0
0,0.0
0,0.0
0,0.0
0,0.0
0,0.0
0,-6.666667e-05
0,0.28756666
0,1.2257665
0,1.5505666
0,1.9891334
[1.6239905],1.8302001
[1.7543674],1.8318335
[1.9801824],2.5871
[2.2118948],4.5511665
[3.5117831],6.8080006
[5.313273],5.965
[5.364264],9.3486
[8.601602],8.769166
[6.6778746],6.6017666
[7.40037],10.6947
[10.540058],11.3645
[9.826612],12.294534
[12.387965],14.292899
[11.251107],14.142666
[13.614956],14.596434
[13.970634],15.055433
[14.026458],15.9058
[13.639159],13.012233
[8.470203],11.175033
[10.196421],11.495633
[10.52884],14.927066
[13.25117],15.196834
[13.363223],16.194399
[14.339147],16.1199
[14.299992],16.181034
[13.533397],16.3221
[13.43697],15.664365
[13.539512],12.913533
[10.730323],9.524134
[7.4660997],14.1704
[10.229156],12.391733
[9.737159],13.442
[9.211809],11.786799
[9.681098],12.177866
[10.637685],11.215066
[8.741126],9.9411335
[7.7038426],6.5397334
[6.449935],6.3577332
[6.1254416],4.711467
[5.696179],4.5999336
[6.029043],3.1016667
[5.6900377],2.1485333
[4.9725184],1.5324665
[3.857617],1.1361333
[1.8847094],0.80960006
[2.931432],0.5345
[5.2603564],0.2190333
[5.2753334],0.03576666
[4.9679594],0.0
[4.9309764],0.0
[4.3443913],0.0
[0.6729574],0.0
0,0.0
0,0.0
0,0.0
0,0.0
0,0.0
0,0.0
0,0.0
0,0.0
0,0.0
0,0.0
0,0.0
0,0.0
0,0.0
0,0.0
0,0.0
0,0.0
0,0.0
0,0.0
0,0.0
0,0.0
0,0.0
0,0.0
0,0.0
0,0.0
0,0.0
0,0.0
0,0.0
0,0.0
0,0.0
0,0.0
0,0.0
0,0.0
0,0.0
0,0.0
0,0.0
0,0.0
0,0.0
0,0.0
0,0.0
0,-6.666666e-05
0,0.0
0,0.31786668
0,0.5438333
0,0.694
[0.30910188],1.5231665
[0.988029],1.6790335
[1.5546999],4.2183666
[2.2106664],4.1937
[2.2361522],5.6169333
[4.3151646],7.235234
[5.143463],8.903367
[8.141518],9.968933
[8.309565],11.5391
[9.7444],10.7719345
[6.892624],10.329134
[8.481857],10.706134
[7.2688384],9.4613
[8.41754],12.9315
[9.634692],15.466033
[12.247542],15.896033
[12.027133],14.913865
[12.268433],15.488633
[12.90075],16.176466
[13.338271],16.690199
[14.125373],16.825998
[14.398694],16.477465
[14.486766],16.395367
[14.405915],16.340666
[14.280954],15.3926
[13.331253],16.8738
[12.358357],14.528866
[11.063199],12.505265
[12.69074],12.562666
[10.863965],11.391133
[10.862369],12.020433
[8.7825365],11.507333
[9.122607],9.858867
[9.031621],8.924832
[8.41511],7.4626336
[8.766833],7.9678335
[9.118484],8.619033
[9.06969],7.6456
[7.9298253],6.178867
[6.7646894],4.3065333
[5.934661],4.6238003
[5.9362006],3.0379333
[5.365183],2.4775667
[4.6835737],1.4708667
[5.6071053],1.1969999
[6.259067],0.5924
[6.075033],0.08729999
[4.462749],0.027699998
[0.68912053],0.0
[0.49041963],0.0
[0.27114403],0.0
[0.20138556],0.0
0,0.0
0,0.0
0,0.0
0,0.0
0,0.0
0,0.0
0,0.0
0,0.0
0,0.0
0,0.0
0,0.0
0,0.0
0,0.0
0,0.0
0,0.0
0,0.0
0,0.0
0,0.0
0,0.0
0,0.0
0,0.0
0,0.0
0,0.0
0,0.0
0,0.0
0,0.0
0,0.0
0,0.0
0,0.0
0,0.0
0,0.0
0,0.0
0,0.0
0,0.0
0,0.0
0,0.0
0,0.0
0,0.0
0,0.0
0,0.0
0,0.0
0,0.0
0,0.0
0,6.666667e-05
[-0.09522158],0.46373335
[-0.00058323],2.1258667
[0.9137114],1.8017335
[1.3775916],2.1392002
[1.3310635],3.4568
[1.6651423],3.3040667
[2.085574],4.1052
[2.7048988],4.7542334
[3.505398],3.3209667
[4.6252227],5.824633
[5.269293],8.065734
[5.1982036],6.7540336
[6.2465515],9.224367
[8.166836],9.9097
[8.662215],9.611899
[8.218578],3.1646667
[7.94069],6.3382
[7.184],3.9888332
[5.768464],2.3129
[6.3663464],1.7582334
[4.8650694],4.886867
[4.542357],10.7561
[5.1806073],10.522333
[7.1031976],4.6431
[8.565719],15.125499
[11.399608],16.730333
[11.06593],16.936333
[12.3984995],16.135468
[12.801914],15.429933
[12.907457],12.371766
[11.450656],14.061733
[10.900797],13.2486
[10.684951],12.483067
[10.567573],11.894366
[9.58132],12.4628
[9.4139185],6.3296337
[6.283083],6.3757663
[5.920677],9.383733
[7.6355686],5.248034
[6.9185677],4.398733
[5.6977463],1.3853334
[3.6797984],2.1991668
[4.116556],3.479167
[4.9228363],3.1820333
[4.935051],1.2531999
[3.3894722],0.7589667
[1.7611382],0.2892333
[0.9105746],0.07183333
[0.46061957],0.0029666666
[0.23245019],0.0
[3.9014685],0.0
[4.789507],0.0
0,0.0
0,0.0
0,0.0
0,0.0
0,0.0
0,0.0
0,0.0
0,0.0
0,0.0
0,0.0
0,0.0
0,0.0
0,0.0
0,0.0
0,0.0
0,0.0
0,0.0
0,0.0
0,0.0
0,0.0
0,0.0
0,0.0
0,0.0
0,0.0
0,0.0
0,0.0
0,0.0
0,0.0
0,0.0
0,0.0
0,0.0
0,0.0
0,0.0
0,0.0
0,0.0
0,0.0
0,0.0
0,0.0
0,0.0
0,0.0
0,0.1513333
0,0.47566673
0,0.69806665
0,1.3446667
[2.099579],2.3011
[3.0914707],3.2867
[3.548782],4.3553996
[4.5633388],5.422567
[5.7356577],6.5115004
[6.946178],7.558
[8.177707],8.5857
[9.273559],9.5651655
[10.375877],10.462899
[11.283193],11.266033
[11.681164],12.018867
[12.25279],12.607033
[12.464702],13.2348
[12.935807],13.796934
[13.015276],14.265933
[13.415976],14.684433
[13.546374],15.077066
[13.912614],15.381732
[14.454463],15.555066
[14.738894],15.837532
[14.771888],15.987467
[14.654134],16.135067
[14.524169],16.425734
[14.395032],16.079332
[14.468551],9.467467
[11.658401],17.126865
[13.1756315],15.401465
[13.265361],15.9736
[14.257875],15.191801
[13.995973],13.724667
[13.304743],10.234532
[9.922579],14.943532
[11.253651],12.715601
[9.092574],13.582668
[11.402023],11.5858
[9.127203],9.3484
[9.12394],9.173667
[8.63808],7.6572666
[6.87528],5.4236665
[6.1360703],3.3535335
[5.3031855],2.868
[5.253558],2.500333
[5.847049],1.7035334
[6.2539096],1.1599333
[6.1299095],0.8963334
[5.9161057],0.6968
[6.107484],0.42443335
[5.459971],0.10973331
[0.5017538],0.0049666674
[5.0072813],0.0
[5.3586254],0.0
[5.330035],0.0
0,0.0
0,0.0
0,0.0
0,0.0
0,0.0
0,0.0
0,0.0
0,0.0
0,0.0
0,0.0
0,0.0
0,0.0
0,0.0
0,0.0
0,0.0
0,0.0
0,0.0
0,0.0
0,0.0
0,0.0
0,0.0
0,0.0
0,0.0
0,0.0
0,0.0
0,0.0
0,0.0
0,0.0
0,0.0
0,0.0
0,0.0
0,0.0
0,0.0
0,0.0
0,0.0
0,0.0
0,0.0
0,0.0
0,0.0
0,0.04686666
0,0.2796
0,0.46596673
0,0.7171334
0,1.2026999
[1.331342],2.2490003
[2.312096],2.9747
[2.5414205],3.9088001
[3.2457304],4.8984
[4.1772532],5.9098334
[5.3166704],7.0510664
[6.6017075],7.9676
[7.547344],9.059234
[8.750911],9.387333
[9.220643],11.243601
[10.409144],10.962466
[9.35463],11.562499
[12.102871],13.660434
[12.364949],13.914667
[13.084285],14.889
[13.418954],15.770566
[12.657699],16.087
[12.955419],10.149568
[8.399069],9.9608
[10.675267],12.961133
[9.751692],12.848133
[11.440865],8.453834
[9.2658415],5.7796
[11.488425],7.0498667
[7.7388783],8.120067
[10.205918],8.131467
[6.8272376],3.7869334
[8.86918],1.6140667
[5.872806],2.1805665
[3.8625767],3.6214
[3.2457516],3.2009003
[4.151898],7.3081336
[5.7610874],2.4467998
[6.9347754],3.1663668
[5.353953],7.567034
[4.7113013],10.644966
[8.612038],3.711967
[6.998782],2.445567
[4.1533475],1.6521332
[3.4370801],2.5108335
[4.791849],1.9207667
[1.2528845],1.0031333
[0.7188025],0.7237334
[0.5603788],0.7324667
[5.0230637],0.3198
[4.9029937],1.0609999
[5.1331973],0.9569334
[2.8551922],0.5484667
[0.17600983],0.0488
[4.683386],0.0
[-0.04392439],0.0
[3.416143],0.0
0,0.0
0,0.0
0,0.0
0,0.0
0,0.0
0,0.0
0,0.0
0,0.0
0,0.0
0,0.0
0,0.0
0,0.0
0,0.0
0,0.0
0,0.0
0,0.0
0,0.0
0,0.0
0,0.0
0,0.0
0,0.0
0,0.0
0,0.0
0,0.0
0,0.0
0,0.0
0,0.0
0,0.0
0,0.0
0,0.0
0,0.0
0,0.0
0,0.0
0,0.0
0,0.0
0,0.0
0,0.0
0,0.0
0,0.0
0,0.0
0,0.14096665
0,0.24206668
0,0.37296662
0,1.178
[3.945101],2.4588335
[4.8009243],3.6236
[5.470343],4.8542
[6.7092056],6.093367
[7.7237062],7.3138003
[8.948026],8.507199
[10.223766],9.650533
[11.400933],10.710667
[12.4841795],11.669333
[13.247563],12.527101
[13.841669],13.333567
[14.444091],14.078667
[15.032382],14.795734
[15.517265],15.364833
[15.910405],15.795199
[16.209753],16.3064
[16.375586],16.585335
[16.464119],16.868301
[16.681578],17.185266
[16.824944],17.4634
[16.816963],17.525267
[16.745218],17.507267
[16.719574],17.682001
[16.6774],17.486868
[16.646181],17.267933
[16.516647],17.100134
[16.238255],16.7286
[15.853881],16.290401
[15.473548],15.907466
[15.0844145],15.429133
[14.661569],14.927
[14.026889],14.202849
[13.381911],13.517401
[12.767033],12.767301
[12.087111],11.916699
[11.290563],11.005266
[10.404967],10.004467
[9.577104],8.942333
[8.795659],7.849334
[8.031806],6.6652336
[7.272646],5.463033
[6.6678658],4.244233
[6.089343],3.0654333
[5.4038563],1.9763668
[4.5644693],1.0845333
[3.5143194],0.48483333
[1.638937],0.22856666
[0.5861725],0.13193332
[0.24548477],0.030399999
[0.12461668],0.0
[0.12214804],0.0
[0.12390673],0.0
0,0.0
0,0.0
0,0.0
0,0.0
0,0.0
0,0.0
0,0.0
0,0.0
0,0.0
0,0.0
0,0.0
0,0.0
0,0.0
0,0.0
0,0.0
0,0.0
0,0.0
0,0.0
0,0.0
0,0.0
0,0.0
0,0.0
0,0.0
0,0.0
0,0.0
0,0.0
0,0.0
0,0.0
0,0.0
0,0.0
0,0.0
0,0.0
0,0.0
0,0.0
0,0.0
0,0.0
0,0.0
0,0.0
0,0.0
0,0.0
0,0.13299999
0,0.24246667
0,0.31993333
0,1.1047333
[3.751405],2.3794668
[4.6068707],3.528
[5.3173923],4.7387667
[6.569487],5.9532332
[7.6796784],7.1418667
[8.897635],8.317634
[10.141807],9.440367
[11.253684],10.473967
[12.318408],11.4402
[13.073363],12.313666
[13.585894],13.118933
[14.109013],13.851267
[14.67627],14.480067
[15.126029],15.095667
[15.514585],15.5625
[15.832242],16.002966
[16.037437],16.402233
[16.147585],16.7154
[16.395523],16.9716
[16.50531],17.172102
[16.513947],17.172565
[16.465454],17.218
[16.430466],17.2059
[16.32862],17.1048
[16.246864],16.996532
[16.085949],16.608232
[15.854815],16.391333
[15.428168],16.0457
[15.101012],15.655733
[14.776784],15.045866
[14.373839],14.528099
[13.712724],13.8955
[13.080806],13.0969
[12.494393],12.300567
[11.770904],11.482833
[10.945628],10.6429
[10.069348],9.658033
[9.30936],8.5820675
[8.502412],7.5295997
[7.7934685],6.3726335
[7.0312343],5.228167
[6.439245],4.074167
[5.893125],2.9431667
[5.2318373],1.9039999
[4.3731627],1.0595332
[3.245847],0.47796667
[1.401207],0.23833333
[0.5299245],0.13559997
[0.22179466],0.029399998
[0.13188344],0.0
[0.11643839],0.0
[0.09519178],0.0
0,0.0
0,0.0
0,0.0
0,0.0
0,0.0
0,0.0
0,0.0
0,0.0
0,0.0
0,0.0
0,0.0
0,0.0
0,0.0
0,0.0
0,0.0
0,0.0
0,0.0
0,0.0
0,0.0
0,0.0
0,0.0
0,0.0
0,0.0
0,0.0
0,0.0
0,0.0
0,0.0
0,0.0
0,0.0
0,0.0
0,0.0
0,0.0
0,0.0
0,0.0
0,0.0
0,0.0
0,0.0
0,0.0
0,0.0
0,0.0
0,0.12746665
0,0.249
0,0.3631
0,1.0924666
[3.7268298],2.3329332
[4.675409],3.4848332
[5.348672],4.6955333
[6.6176963],5.9178996
[7.659301],7.1250334
[8.960921],8.285667
[10.151763],9.388066
[11.3058815],10.4038
[12.314439],11.3557005
[13.066806],12.267034
[13.644139],13.076366
[14.149968],13.7662325
[14.662247],14.435567
[15.089494],15.062567
[15.47799],15.534767
[15.82677],15.984335
[16.096554],16.414568
[16.270552],16.695034
[16.446535],17.000835
[16.484953],17.194267
[16.529652],17.2566
[16.535667],17.230234
[16.534348],17.2736
[16.444609],17.0828
[16.321306],16.921299
[16.06854],16.712103
[15.828637],16.4326
[15.438937],16.118267
[15.131391],15.619132
[14.741961],15.212833
[14.306519],14.653767
[13.795731],14.021966
[13.237824],13.281499
[12.630301],12.5268
[11.968858],11.721968
[11.235835],10.759367
[10.4024935],9.8217
[9.549249],8.7901
[8.735929],7.6947
[7.9884996],6.515233
[7.206276],5.3624
[6.598736],4.190933
[6.031077],3.0349002
[5.39583],1.9744334
[4.571546],1.0976667
[3.5010302],0.49196666
[1.7506521],0.23796669
[0.60340744],0.14376666
[0.268273],0.034499995
[0.13957173],0.0
[0.11943758],0.0
[0.09926081],0.0
0,0.0
0,0.0
0,0.0
0,0.0
0,0.0
0,0.0
0,0.0
0,0.0
0,0.0
0,0.0
0,0.0
0,0.0
0,0.0
0,0.0
0,0.0
0,0.0
0,0.0
0,0.0
0,0.0
0,0.0
0,0.0
0,0.0
0,0.0
0,0.0
0,0.0
0,0.0
0,0.0
0,0.0
0,0.0
0,0.0
0,0.0
0,0.0
0,0.0
0,0.0
0,0.0
0,0.0
0,0.0
0,0.0
0,-0.00013333333
0,0.0
0,0.11249999
0,0.23163334
0,0.3315
0,1.0767001
[3.847709],2.3679998
[4.7910757],3.5130334
[5.499141],4.7279334
[6.802921],5.955
[7.927989],7.1634
[9.246263],8.319867
[10.431184],9.4366665
[11.54091],10.4818
[12.52424],11.425067
[13.228547],12.331333
[13.799908],13.1456
[14.325654],13.884068
[14.838214],14.572599
[15.256879],15.137534
[15.627353],15.574266
[15.940692],16.034
[16.163675],16.431232
[16.307463],16.771935
[16.512857],16.916868
[16.57796],17.133667
[16.546112],17.218533
[16.542948],17.194733
[16.551811],17.190733
[16.459778],17.124832
[16.307304],16.974167
[16.122154],16.632235
[15.842317],16.429636
[15.467004],16.089869
[15.1527605],15.670166
[14.786874],15.171232
[14.324606],14.581201
[13.786879],14.0412
[13.232284],13.304899
[12.661262],12.601767
[12.021678],11.779699
[11.328731],10.951667
[10.541822],9.937267
[9.73581],8.856534
[8.920535],7.8194337
[8.169661],6.6641674
[7.359805],5.4712667
[6.71559],4.2837
[6.1453695],3.1178
[5.539729],2.0416667
[4.7814474],1.1351666
[3.8043802],0.5034
[2.2151976],0.23376666
[0.7168719],0.13986664
[0.35733408],0.041499995
[0.1537394],6.666667e-05
[0.12657148],0.0
[0.11477786],0.0
0,0.0
0,0.0
0,0.0
0,0.0
0,0.0
0,0.0
0,0.0
0,0.0
0,0.0
0,0.0
0,0.0
0,0.0
0,0.0
0,0.0
0,0.0
0,0.0
0,0.0
0,0.0
0,0.0
0,0.0
0,0.0
0,0.0
0,0.0
0,0.0
0,0.0
0,0.0
0,0.0
0,0.0
0,0.0
0,0.0
0,0.0
0,0.0
0,0.0
0,0.0
0,0.0
0,0.0
0,0.0
0,0.0
0,-0.00013333333
0,0.0
0,0.113699995
0,0.2379
0,0.3713333
0,1.0823
[3.9045055],2.3727
[4.8246922],3.5097666
[5.3952484],4.7031994
[6.694867],5.887767
[7.777756],7.047933
[9.0611725],8.181634
[10.242528],9.263967
[11.380364],10.270633
[12.32478],11.196333
[13.030837],12.041767
[13.59814],12.7872
[14.073668],13.472001
[14.541446],14.133199
[14.926402],14.734633
[15.335633],15.234167
[15.704907],15.657866
[15.954586],16.027666
[16.108057],16.269499
[16.308363],16.484467
[16.336935],16.785168
[16.309782],16.882198
[16.330729],16.935934
[16.30379],16.878033
[16.237377],16.851168
[16.032503],16.715166
[15.870524],16.4619
[15.6818285],16.2552
[15.371279],15.954764
[15.016568],15.489467
[14.590341],15.017967
[14.066737],14.397799
[13.58883],13.948266
[13.048995],13.332701
[12.505219],12.507267
[11.858471],11.762233
[11.144701],10.832533
[10.313184],9.888367
[9.522168],8.832999
[8.756491],7.7644005
[8.026028],6.6171665
[7.262151],5.4622335
[6.6484833],4.261067
[6.0894623],3.1073332
[5.504408],2.0451334
[4.795043],1.1555666
[3.8727276],0.53099996
[2.4456737],0.23773335
[0.80099696],0.14909998
[0.4220671],0.044033326
[0.16947925],0.00019999998
[0.12687016],0.0
[0.09930968],0.0
0,0.0
0,0.0
0,0.0
0,0.0
0,0.0
0,0.0
0,0.0
0,0.0
0,0.0
0,0.0
0,0.0
0,0.0
0,0.0
0,0.0
0,0.0
0,0.0
0,0.0
0,0.0
0,0.0
0,0.0
0,0.0
0,0.0
0,0.0
0,0.0
0,0.0
0,0.0
0,0.0
0,0.0
0,0.0
0,0.0
0,0.0
0,0.0
0,0.0
0,0.0
0,0.0
0,0.0
0,0.0
0,0.0
0,0.0
0,0.0
0,0.16573331
0,0.46306673
0,0.684
0,1.2880666
[3.312023],2.2993333
[4.0150266],3.2737331
[4.585348],4.4373336
[5.796107],5.507933
[6.8316536],6.679066
[8.306088],7.6325336
[9.338548],8.6656
[10.596492],9.606133
[11.557789],10.5241
[12.296142],11.331933
[12.795764],12.0344
[13.248789],12.706367
[13.67157],13.5984
[14.231585],14.139934
[14.620616],14.5191
[14.936461],15.005667
[15.229676],15.2817
[15.457075],15.636633
[15.714315],15.939466
[15.813354],16.025833
[15.808147],15.908633
[15.662423],16.024532
[15.610011],16.035332
[15.575248],15.781833
[15.435231],15.833034
[15.325153],15.696767
[15.072831],15.646866
[14.800533],15.410666
[14.533529],15.083834
[14.22748],14.555634
[13.786148],13.940433
[13.227757],13.140767
[12.5430975],12.543367
[11.888156],11.893366
[11.209979],10.992967
[10.450698],10.114067
[9.496952],9.308368
[8.791871],8.360133
[8.095225],7.3357
[7.440769],6.1673665
[6.7193756],4.9064
[6.1535625],3.8539002
[5.6316466],2.7853332
[5.044264],2.0202334
[4.45096],1.2804999
[3.6995533],0.6951333
[2.3926249],0.36273333
[0.87831765],0.19969997
[0.4754293],0.04336666
[0.1776976],-0.0002
[0.09044659],0.0
[0.00187594],0.0
0,0.0
0,0.0
0,0.0
0,0.0
0,0.0
0,0.0
0,0.0
0,0.0
0,0.0
0,0.0
0,0.0
0,0.0
0,0.0
0,0.0
0,0.0
0,0.0
0,0.0
0,0.0
0,0.0
0,0.0
0,0.0
0,0.0
0,0.0
0,0.0
0,0.0
0,0.0
0,0.0
0,0.0
0,0.0
0,0.0
0,0.0
0,0.0
0,0.0
0,0.0
0,0.0
0,0.0
0,0.0
0,0.0
0,0.0
0,0.0
0,0.12856668
0,0.32943326
0,0.48320007
0,1.069
[3.360129],2.2293003
[4.2458615],3.2825
[4.8247223],4.4065332
[5.963795],5.5416336
[6.980829],6.661866
[8.223285],7.7706337
[9.413144],8.840799
[10.596845],9.8435335
[11.616275],10.741633
[12.34665],11.563933
[12.907492],12.3634
[13.38664],13.062029
[13.8313875],13.735534
[14.210274],14.3132
[14.620442],14.795466
[14.999524],15.252999
[15.37856],15.607865
[15.591319],15.9464
[15.87763],16.066032
[15.979947],16.282133
[15.958131],16.436901
[15.88861],16.299831
[15.910019],16.502068
[15.759784],16.3951
[15.753269],16.392033
[15.487114],16.084433
[15.373572],15.781133
[15.002884],15.215768
[14.642217],15.141634
[14.237554],14.6187
[13.947974],14.083334
[13.407508],13.577633
[12.840442],13.119066
[12.269998],12.399667
[11.603229],11.931467
[10.917739],10.841332
[10.132192],7.832
[8.2381935],8.563601
[8.189164],7.5214
[7.472325],6.4221334
[7.167329],5.2558
[6.376466],4.139867
[5.9217367],2.9115334
[5.2777166],2.0244668
[4.669746],1.1971667
[3.9320123],0.5759667
[2.6752954],0.31166664
[0.9422597],0.17766665
[0.51714206],0.049133327
[0.19400835],0.00013333333
[0.10777885],0.0
[0.03371942],0.0
0,0.0
0,0.0
0,0.0
0,0.0
0,0.0
0,0.0
0,0.0
0,0.0
0,0.0
0,0.0
0,0.0
0,0.0
0,0.0
0,0.0
0,0.0
0,0.0
0,0.0
0,0.0
0,0.0
0,0.0
0,0.0
0,0.0
0,0.0
0,0.0
0,0.0
0,0.0
0,0.0
0,0.0
0,0.0
0,0.0
0,0.0
0,0.0
0,0.0
0,0.0
0,0.0
0,0.0
0,0.0
0,0.0
0,0.0
0,0.0
0,0.12563333
0,0.26043332
0,0.43680003
0,0.99810004
[2.7003767],2.1486
[3.7967002],3.2049668
[4.510192],4.3447
[5.7244463],5.4985332
[6.8349094],6.6330333
[8.139659],7.716867
[9.281775],8.7851
[10.485215],9.826834
[11.52385],10.735267
[12.259569],11.526234
[12.776326],12.3019
[13.226522],13.040168
[13.639714],13.633934
[14.017848],14.1974
[14.355987],14.702767
[14.720798],15.118534
[15.109582],15.502001
[15.355918],15.791
[15.665092],15.951936
[15.771834],16.1007
[15.739097],16.220432
[15.699713],16.225935
[15.705171],16.3741
[15.634271],16.329498
[15.538648],16.138334
[15.361293],15.837034
[15.141515],15.460935
[14.710269],15.128432
[14.332806],15.0162
[14.148807],14.678732
[13.801012],14.251
[13.430088],13.786332
[12.882951],13.012466
[12.346607],12.181634
[11.681531],11.435634
[10.956155],10.6436
[10.13219],9.6687
[9.32571],8.6181
[8.521542],7.639934
[7.825916],6.6245337
[7.11072],5.5968003
[6.525592],4.3757668
[6.0188127],2.0439
[4.7109737],1.7177
[4.180195],1.2278
[3.882788],0.60516673
[2.5656915],0.29863328
[0.92446727],0.17919996
[0.49617118],0.048499994
[0.19217092],0.0003333333
[0.10066408],0.0
[0.03192896],0.0
0,0.0
0,0.0
0,0.0
0,0.0
0,0.0
0,0.0
0,0.0
0,0.0
0,0.0
0,0.0
0,0.0
0,0.0
0,0.0
0,0.0
0,0.0
0,0.0
0,0.0
0,0.0
0,0.0
0,0.0
0,0.0
0,0.0
0,0.0
0,0.0
0,0.0
0,0.0
0,0.0
0,0.0
0,0.0
0,0.0
0,0.0
0,0.0
0,0.0
0,0.0
0,0.0
0,0.0
0,0.0
0,0.0
0,0.0
0,0.0
0,0.12466665
0,0.26043332
0,0.441
0,1.0209999
[2.9957154],2.1808333
[3.9071822],3.2360332
[4.4745684],4.3693337
[5.647088],5.5128665
[6.8371058],6.6552
[8.144167],7.7588005
[9.32878],8.825633
[10.493387],9.850699
[11.504646],10.774767
[12.256581],11.565867
[12.801341],12.3126335
[13.244937],13.023967
[13.658576],13.626066
[14.040395],14.191
[14.394902],14.636432
[14.77786],15.014335
[15.107279],15.325867
[15.342983],15.6605
[15.6218],15.963635
[15.721461],16.198067
[15.735467],16.2453
[15.740338],16.359434
[15.721876],16.5045
[15.635478],16.404533
[15.540402],16.259932
[15.394219],16.0293
[15.23759],15.673034
[14.980914],15.387099
[14.580807],14.831666
[14.141543],14.7217
[13.762659],14.258232
[13.34367],13.531367
[12.81056],12.815166
[12.235857],12.128966
[11.575169],11.319233
[10.903361],10.493934
[10.064942],9.626767
[9.325814],8.6019335
[8.515653],6.8373
[7.4553847],6.4118667
[6.9426756],5.4447
[6.443006],4.275
[6.0082593],3.1577
[5.466831],2.1213334
[4.847001],1.2459999
[4.101565],0.6330334
[3.1032255],0.2965666
[1.3020552],0.18056665
[0.64566267],0.063399985
[0.2582568],0.00066666666
[0.12827396],0.0
[0.13371766],0.0
0,0.0
0,0.0
0,0.0
0,0.0
0,0.0
0,0.0
0,0.0
0,0.0
0,0.0
0,0.0
0,0.0
0,0.0
0,0.0
0,0.0
0,0.0
0,0.0
0,0.0
0,0.0
0,0.0
0,0.0
0,0.0
0,0.0
0,0.0
0,0.0
0,0.0
0,0.0
0,0.0
0,0.0
0,0.0
0,0.0
0,0.0
0,0.0
0,0.0
0,0.0
0,0.0
0,0.0
0,0.0
0,0.0
0,0.0
0,0.0
0,0.116033345
0,0.32566667
0,0.53033334
0,1.0467668
[2.8551478],2.1108003
[3.6501026],3.1073334
[4.1689143],4.2029
[5.254253],5.312667
[6.3316894],6.403733
[7.638538],7.4938
[8.874717],8.579967
[10.117547],9.580966
[11.143598],10.501467
[11.968579],11.291166
[12.503824],11.991234
[12.908475],12.6235
[13.3263645],13.2162
[13.675692],13.805833
[14.023048],14.290434
[14.439897],14.730668
[14.857555],15.1556
[15.095393],15.354933
[15.368487],15.5524
[15.511287],15.644133
[15.472357],15.825432
[15.49598],15.920733
[15.460011],15.8586
[15.299604],15.9612665
[15.178802],15.786366
[15.034602],15.4879
[14.821538],15.210633
[14.507231],14.949266
[14.218542],14.816801
[13.96081],14.146334
[13.540587],13.650132
[12.978496],13.2894335
[12.392251],12.819766
[11.894337],12.048766
[11.269232],11.3468
[10.546719],10.589667
[9.622044],9.806334
[8.909177],8.778934
[8.193681],7.782867
[7.47435],6.7762666
[6.8683047],5.239
[6.131114],4.7563334
[5.8349934],2.6910002
[4.6172404],1.3990666
[3.4041283],0.8232667
[2.7272499],0.4684667
[1.09322],0.20273331
[0.5928183],0.13359997
[0.32624036],0.02213333
[0.32149643],0.0
[3.339008],0.0
[4.7633944],0.0
0,0.0
0,0.0
0,0.0
0,0.0
0,0.0
0,0.0
0,0.0
0,0.0
0,0.0
0,0.0
0,0.0
0,0.0
0,0.0
0,0.0
0,0.0
0,0.0
0,0.0
0,0.0
0,0.0
0,0.0
0,0.0
0,0.0
0,0.0
0,0.0
0,0.0
0,0.0
0,0.0
0,0.0
0,0.0
0,0.0
0,0.0
0,0.0
0,0.0
0,0.0
0,0.0
0,0.0
0,0.0
0,0.0
0,-6.666667e-05
0,0.0053333333
0,0.22096665
0,0.52043337
0,0.83963335
0,1.3346
[2.2741067],2.1427333
[2.8205197],3.0187664
[3.2380593],4.0181336
[4.145475],5.0709333
[5.2139564],6.1287665
[6.555665],7.1984
[7.8400545],8.1996
[9.103659],9.1833
[10.24373],10.106199
[11.171172],10.8921
[11.802047],11.629033
[12.271412],12.321633
[12.663094],12.927266
[13.067035],13.4249325
[13.475524],13.978367
[13.976939],14.450733
[14.347676],14.845133
[14.701881],15.192667
[15.018202],15.636499
[15.132602],16.595835
[14.918251],8.246399
[11.568164],17.187035
[13.526334],17.832699
[14.273043],10.640933
[12.432606],5.0157332
[8.456169],10.0401325
[10.0300255],15.968198
[11.136891],11.205699
[10.707948],10.648
[10.705304],4.3017
[6.2580256],3.2544334
[5.0393624],3.3122666
[6.0760307],3.3046336
[5.4069753],4.8806667
[7.354916],5.7539334
[8.483677],8.402634
[9.803758],8.130601
[9.242535],9.6202
[8.349009],4.2172666
[5.611057],3.8943
[6.007104],3.1143665
[7.4198127],2.5156333
[7.824492],4.286967
[9.250783],2.9465666
[8.849992],1.6014665
[8.365853],0.7618333
[6.0995097],0.3808667
[5.300637],0.15416664
[4.6079793],0.028666664
[0.8686018],0.0
[2.0994792],0.0
[0.23102164],0.0
0,0.0
0,0.0
0,0.0
0,0.0
0,0.0
0,0.0
0,0.0
0,0.0
0,0.0
0,0.0
0,0.0
0,0.0
0,0.0
0,0.0
0,0.0
0,0.0
0,0.0
0,0.0
0,0.0
0,0.0
0,0.0
0,0.0
0,0.0
0,0.0
0,0.0
0,0.0
0,0.0
0,0.0
0,0.0
0,0.0
0,0.0
0,0.0
0,0.0
0,0.0
0,0.0
0,0.0
0,0.0
0,0.0
0,0.0
0,0.0
0,0.12046665
0,0.37226668
0,0.5915333
0,1.0804
[2.1904452],2.0332665
[3.1335003],2.986
[3.7249057],4.0464
[4.78817],5.1423335
[5.8944516],6.2630334
[7.218939],7.3723664
[8.409726],8.4381
[9.689849],9.45
[10.795657],10.385533
[11.640046],11.2428665
[12.20402],12.032733
[12.696338],12.747273
[13.11958],13.432599
[13.491538],14.1158
[13.834022],14.589567
[14.176881],15.050867
[14.547739],15.420899
[14.870934],15.760833
[15.263197],15.923799
[15.449485],16.163935
[15.469449],16.223167
[15.468619],16.353533
[15.491561],16.265533
[15.429107],16.096567
[15.296321],16.073065
[15.040164],15.906301
[14.839665],15.615399
[14.507663],15.243502
[14.165505],14.855832
[13.887983],14.330034
[13.501325],13.788533
[12.925413],11.9792
[11.708358],12.5805
[11.337512],11.7165
[10.570521],10.768233
[9.868981],9.516167
[8.05512],8.5189
[7.818697],7.1846666
[6.7850637],6.245267
[6.5240927],5.0717998
[6.215068],4.0835
[5.4632554],3.0696335
[5.2318635],2.4647667
[5.0129805],2.0272667
[4.608511],1.3945999
[4.1222506],0.87219995
[4.0888987],0.4443667
[4.6114116],0.20313333
[5.079062],0.054133326
[5.1949415],0.0
[5.0387545],0.0
[4.969737],0.0
0,0.0
0,0.0
0,0.0
0,0.0
0,0.0
0,0.0
0,0.0
0,0.0
0,0.0
0,0.0
0,0.0
0,0.0
0,0.0
0,0.0
0,0.0
0,0.0
0,0.0
0,0.0
0,0.0
0,0.0
0,0.0
0,0.0
0,0.0
0,0.0
0,0.0
0,0.0
0,0.0
0,0.0
0,0.0
0,0.0
0,0.0
0,0.0
0,0.0
0,0.0
0,0.0
0,0.0
0,0.0
0,0.0
0,0.0
0,-6.666667e-05
0,0.0
0,0.33580002
0,0.6237334
0,0.9628001
[0.6675693],1.0611334
[0.98570925],1.9537332
[1.729326],2.2413335
[2.0582757],1.8088667
[2.009977],2.4861333
[2.460166],4.1148
[3.3738167],8.742467
[6.810546],10.623533
[7.7734365],11.476067
[9.421435],10.2628
[9.739835],12.6504
[12.296335],13.338265
[12.559232],12.4206
[10.8556595],13.535734
[13.17366],14.559532
[12.539412],11.1096
[8.589308],12.777733
[11.217971],14.382366
[13.401118],16.306234
[15.846106],16.678967
[15.580775],16.454332
[14.862336],15.6364
[13.768485],10.6545
[9.984794],11.673734
[12.399428],16.569134
[15.392618],16.045269
[15.768644],15.746232
[14.45859],15.4284
[13.593971],15.233066
[13.406809],12.828835
[12.06087],11.298533
[11.509695],13.8598
[11.612979],14.2300005
[11.573396],12.389234
[11.755475],10.139066
[10.3425665],8.294065
[7.8939962],8.2946005
[6.926028],5.4580336
[5.8382874],3.7391002
[5.859277],2.9747667
[5.5154204],2.933
[4.561605],3.4823332
[6.4598627],3.7868998
[7.8533764],3.4468665
[6.999443],2.3768668
[5.08437],1.3177333
[3.5349329],1.0502
[2.5044549],0.6151
[5.5516324],0.17479996
[5.638159],0.00013333333
[5.256565],0.0
[4.8394527],0.0
0,0.0
0,0.0
0,0.0
0,0.0
0,0.0
0,0.0
0,0.0
0,0.0
0,0.0
0,0.0
0,0.0
0,0.0
0,0.0
0,0.0
0,0.0
0,0.0
0,0.0
0,0.0
0,0.0
0,0.0
0,0.0
0,0.0
0,0.0
0,0.0
0,0.0
0,0.0
0,0.0
0,0.0
0,0.0
0,0.0
0,0.0
0,0.0
0,0.0
0,0.0
0,0.0
0,0.0
0,0.0
0,0.0
0,0.0
0,0.0068000006
0,0.07976665
0,0.06326665
0,0.21466665
0,0.46803334
[0.4257618],0.75666666
[0.6227603],0.7399333
[0.65752816],1.1678667
[0.8498577],2.1308
[1.5791483],3.2976332
[1.9457662],3.122567
[1.6330729],3.9447668
[2.5151906],3.109534
[2.5604951],3.8591337
[3.3737605],7.7903
[3.5843966],8.346
[5.3752356],6.182367
[5.5781245],5.742967
[6.7944775],7.4664993
[6.063384],8.677667
[7.6399436],7.5712333
[6.7941837],9.505567
[7.9664907],14.697666
[10.537592],9.651833
[7.926325],11.600766
[11.12865],15.667134
[12.892687],15.741265
[14.43441],16.2692
[15.688737],15.801933
[15.026208],15.088334
[14.275689],9.735733
[10.505285],15.5132675
[10.535626],15.534932
[13.542924],14.849133
[11.953881],14.399134
[10.388312],13.810333
[10.729142],13.4132
[10.058734],12.826401
[10.019944],12.103067
[9.490023],11.357734
[9.222844],10.531533
[8.738772],9.634534
[8.264265],8.6394005
[7.6816688],7.6120663
[7.0587378],6.5392
[6.5089674],5.4544
[6.03828],4.3599334
[5.6900063],3.3012667
[5.2180576],2.3321333
[4.5571713],1.4342667
[3.7976353],0.7863334
[2.8796499],0.44953334
[1.4065843],0.27599996
[0.8412665],0.10806665
[0.51431304],0.00039999993
[0.10255456],0.0
[4.7563233],0.0
0,0.0
0,0.0
0,0.0
0,0.0
0,0.0
0,0.0
0,0.0
0,0.0
0,0.0
0,0.0
0,0.0
0,0.0
0,0.0
0,0.0
0,0.0
0,0.0
0,0.0
0,0.0
0,0.0
0,0.0
0,0.0
0,0.0
0,0.0
0,0.0
0,0.0
0,0.0
0,0.0
0,0.0
0,0.0
0,0.0
0,0.0
0,0.0
0,0.0
0,0.0
0,0.0
0,0.0
0,0.0
0,0.0
0,0.0
0,0.0
0,0.11263333
0,0.2756333
0,0.38483334
0,0.83030003
[3.408523],2.0570335
[4.2399406],3.1675
[4.7302055],4.3426666
[6.0505676],5.5285335
[7.213666],6.7075667
[8.607625],7.846767
[9.804218],8.959032
[11.011557],10.036267
[11.996646],11.001966
[12.781005],11.893967
[13.3218775],12.7494335
[13.70241],13.4333
[14.119739],14.086433
[14.556165],14.695702
[14.970193],15.236767
[15.3565235],15.682134
[15.665422],16.160866
[15.856345],16.367933
[16.07047],16.6757
[16.118412],16.993834
[16.171892],17.055399
[16.226244],17.206734
[16.256516],17.156233
[16.210766],17.029766
[16.092468],16.888666
[15.906256],16.6149
[15.705954],16.262733
[15.342411],15.958366
[14.956741],15.662934
[14.585726],15.168634
[14.19674],14.706866
[13.673607],14.171066
[13.190399],13.427601
[12.7078905],12.714234
[12.122859],11.956667
[11.478068],11.101067
[10.770318],10.215867
[10.071504],9.240967
[9.243854],8.139167
[8.392644],7.110533
[7.594106],5.861533
[6.929121],4.6793
[6.404336],3.5014336
[5.8606462],2.4422
[5.206275],1.3500668
[4.2469773],0.68593335
[3.1728246],0.28956667
[1.0663171],0.21590002
[0.52742434],0.09659998
[0.21524727],0.0022666664
[0.13726306],0.0
[0.06926155],0.0
0,0.0
0,0.0
0,0.0
0,0.0
0,0.0
0,0.0
0,0.0
0,0.0
0,0.0
0,0.0
0,0.0
0,0.0
0,0.0
0,0.0
0,0.0
0,0.0
0,0.0
0,0.0
0,0.0
0,0.0
0,0.0
0,0.0
0,0.0
0,0.0
0,0.0
0,0.0
0,0.0
0,0.0
0,0.0
0,0.0
0,0.0
0,0.0
0,0.0
0,0.0
0,0.0
0,0.0
0,0.0
0,0.0
0,-0.00013333333
0,0.0
0,0.084533334
0,0.23020001
0,0.34919995
0,0.77853334
[3.1163301],1.9995999
[4.133764],3.0955334
[4.650552],4.2573333
[5.9126987],5.422867
[6.984926],6.5761995
[8.331519],7.6909337
[9.515271],8.776466
[10.738155],9.794333
[11.724799],10.729733
[12.485152],11.586866
[13.009463],12.364
[13.39483],13.056732
[13.743955],13.660601
[14.187144],14.279734
[14.565029],14.739934
[14.944396],15.230466
[15.262009],15.568133
[15.538331],15.912233
[15.735314],16.195168
[15.899168],16.514433
[15.935259],16.603165
[16.003874],16.671999
[15.994827],16.798834
[15.973524],16.705002
[15.884423],16.519966
[15.688783],16.403368
[15.414589],16.131634
[15.122063],15.735766
[14.832989],15.169534
[14.393688],14.876966
[13.873267],14.247398
[13.424351],13.7246
[12.94927],13.2282
[12.485914],12.495934
[11.952964],11.7444
[11.2919],10.9432
[10.568311],9.981133
[9.846454],8.964933
[8.99596],7.9395328
[8.192621],6.842333
[7.4068832],5.720333
[6.7804117],4.5633335
[6.2979064],3.4522
[5.7747364],2.3783998
[5.107148],1.4237999
[4.3755317],0.6878667
[3.3213305],0.3588
[1.5523856],0.1866
[0.60354555],0.04879999
[0.29217494],0.0
[0.42128003],0.0
[3.984576],0.0
0,0.0
0,0.0
0,0.0
0,0.0
0,0.0
0,0.0
0,0.0
0,0.0
0,0.0
0,0.0
0,0.0
0,0.0
0,0.0
0,0.0
0,0.0
0,0.0
0,0.0
0,0.0
0,0.0
0,0.0
0,0.0
0,0.0
0,0.0
0,0.0
0,0.0
0,0.0
0,0.0
0,0.0
0,0.0
0,0.0
0,0.0
0,0.0
0,0.0
0,0.0
0,0.0
0,0.0
0,0.0
0,0.0
0,-0.00013333333
0,0.0
0,0.0712
0,0.258
0,0.3657333
0,0.80793333
[2.9535172],1.9779665
[3.8432152],3.0654
[4.243746],4.233333
[5.4109874],5.4209666
[6.4814506],6.5976005
[7.8027697],7.7752333
[9.022597],8.946
[10.212397],9.731999
[11.017273],11.279999
[12.039914],12.053767
[12.460715],13.2359
[12.921576],14.044834
[12.993567],14.859366
[12.97954],13.3838005
[11.873435],11.652067
[11.893622],16.398867
[13.530646],14.706667
[12.494916],16.5402
[13.988795],9.909901
[10.394551],14.635334
[13.091886],14.236833
[11.284476],13.6796
[13.1515],17.113531
[13.727554],13.0449
[13.413258],10.008433
[11.698546],14.857932
[12.855435],17.464767
[14.005708],16.639233
[15.232466],15.709233
[15.0633],15.250067
[14.11288],14.846933
[13.300662],14.058034
[12.663954],13.062867
[11.944001],11.855733
[11.05049],11.770199
[10.151123],11.331367
[9.349425],5.287033
[5.8828015],3.2648003
[4.919364],3.510533
[5.789769],2.8189998
[5.4326286],2.7061667
[5.2772913],3.2557
[5.524583],2.2931333
[4.956396],1.6271
[4.510795],1.5262334
[4.3030643],1.0791
[3.9327118],0.6567667
[2.745783],0.4203667
[1.3313715],0.18733332
[0.7819118],0.017833333
[0.51521033],0.0
[4.783409],0.0
0,0.0
0,0.0
0,0.0
0,0.0
0,0.0
0,0.0
0,0.0
0,0.0
0,0.0
0,0.0
0,0.0
0,0.0
0,0.0
0,0.0
0,0.0
0,0.0
0,0.0
0,0.0
0,0.0
0,0.0
0,0.0
0,0.0
0,0.0
0,0.0
0,0.0
0,0.0
0,0.0
0,0.0
0,0.0
0,0.0
0,0.0
0,0.0
0,0.0
0,0.0
0,0.0
0,0.0
0,0.0
0,0.0
0,0.0
0,0.0
0,0.10346667
0,0.26346663
0,0.45240003
0,0.9621333
[2.1836803],1.9326665
[2.9089477],3.2559998
[3.3520596],4.2944665
[4.603153],5.2182
[5.7652082],6.2522664
[7.1658764],7.331333
[8.311455],8.3926
[9.507676],9.4402
[10.584725],10.343132
[11.467494],11.143067
[12.074629],11.9208
[12.503335],12.67
[12.912194],13.409999
[13.360593],13.978134
[13.699264],14.463866
[13.956501],14.886465
[14.27373],15.300266
[14.545051],15.609566
[14.9126425],15.845633
[15.089166],16.0266
[15.230891],16.172234
[15.29403],16.296497
[15.321614],16.261065
[15.285335],16.193033
[15.188335],16.001133
[15.01197],15.814734
[14.78258],15.920435
[14.397231],15.3689995
[13.87375],14.564933
[13.335857],15.565133
[13.047345],13.414667
[11.4926],12.6939335
[10.478343],7.9906664
[6.633662],10.975867
[8.827973],11.233
[8.450885],4.8867335
[5.6036997],5.0174
[7.2772202],3.8188665
[6.4387684],3.7759337
[6.523954],4.516267
[6.959921],4.9020667
[8.172922],3.324
[8.020331],2.4074
[7.9023867],0.20199996
[7.602891],1.0636
[7.262102],1.0553334
[7.1139336],0.7858667
[6.983223],0.39106667
[6.755617],0.10759997
[6.3969893],0.00046666662
[6.1058526],0.0
[5.885305],0.0
0,0.0
0,0.0
0,0.0
0,0.0
0,0.0
0,0.0
0,0.0
0,0.0
0,0.0
0,0.0
0,0.0
0,0.0
0,0.0
0,0.0
0,0.0
0,0.0
0,0.0
0,0.0
0,0.0
0,0.0
0,0.0
0,0.0
0,0.0
0,0.0
0,0.0
0,0.0
0,0.0
0,0.0
0,0.0
0,0.0
0,0.0
0,0.0
0,0.0
0,0.0
0,0.0
0,0.0
0,0.0
0,0.0
0,0.0
0,0.0
0,0.09326666
0,0.24253333
0,0.3955
0,0.8947333
[1.222642],2.2242332
[2.9366],3.7553668
[3.3829486],3.9777002
[2.9425943],4.165
[3.0427754],4.8964667
[3.268132],5.7868996
[4.0375266],5.7591
[5.597349],8.923767
[8.945387],10.0271
[9.930905],10.6333
[11.349051],11.1091
[11.596921],11.875367
[12.124406],12.9061
[12.713208],13.543332
[13.152611],14.058801
[13.540099],14.591134
[13.7466345],15.1707325
[13.894598],15.673233
[14.049233],15.683534
[14.042241],15.5177
[14.156993],16.4178
[14.557844],14.9607
[14.425452],13.784899
[13.722709],14.273633
[13.084207],10.4647665
[10.840213],9.973201
[8.154293],13.201099
[9.543431],13.725166
[9.481743],14.121166
[9.599612],14.482202
[10.781919],11.045467
[9.717281],6.936434
[7.507679],9.573466
[8.950597],13.5523
[10.3774395],12.227667
[9.696999],7.0576997
[6.1076756],4.495867
[5.494944],3.393133
[7.676295],2.949233
[8.114356],2.7831662
[8.372499],2.7399998
[8.456492],5.1712
[9.82804],2.7975
[9.143161],1.5597333
[7.836823],1.0781333
[7.151498],0.6052667
[6.940337],0.4815334
[6.3359356],0.33706668
[6.0755806],0.11269998
[5.4278226],0.0084
[5.4416046],0.0
[1.1959758],0.0
0,0.0
0,0.0
0,0.0
0,0.0
0,0.0
0,0.0
0,0.0
0,0.0
0,0.0
0,0.0
0,0.0
0,0.0
0,0.0
0,0.0
0,0.0
0,0.0
0,0.0
0,0.0
0,0.0
0,0.0
0,0.0
0,0.0
0,0.0
0,0.0
0,0.0
0,0.0
0,0.0
0,0.0
0,0.0
0,0.0
0,0.0
0,0.0
0,0.0
0,0.0
0,0.0
0,0.0
0,0.0
0,0.0
0,0.0
0,0.0
0,0.0386
0,0.26259997
0,0.49630007
0,1.0756
[1.7335317],2.5625668
[2.6103497],3.5057666
[3.0500114],3.826533
[4.262507],4.7677
[5.337037],5.7683334
[6.5364795],6.7189665
[7.601534],7.7063003
[8.8331175],8.637633
[9.845374],9.485534
[10.774258],10.3243
[11.430356],11.0223
[11.877092],11.792199
[12.314755],12.467101
[12.749356],12.940534
[13.066287],13.4777
[13.276824],14.003599
[13.571755],14.415799
[13.811147],14.8325
[14.117317],15.1684
[14.371617],15.6332655
[14.465605],14.1939335
[14.005808],16.5163
[14.537448],16.4979
[14.897569],17.058567
[14.613812],17.019365
[14.584254],16.790033
[14.530129],13.107867
[13.23225],4.5654664
[8.429448],3.8808334
[7.1676273],3.4341667
[5.411679],2.978533
[4.029376],2.2398667
[4.7511845],2.2348335
[5.0595565],2.0493665
[4.8167734],1.9599998
[5.6083736],1.7367
[6.1086564],2.0388
[6.514946],2.3885999
[6.814451],1.9427
[6.708969],1.2052
[6.30772],1.1523333
[6.165707],0.78053343
[6.027378],0.83813345
[6.0931277],0.74120003
[6.1033545],0.5779
[6.0743413],0.51766676
[6.1770997],0.35959998
[6.3256516],0.13509999
[6.26399],0.0047
[5.6777525],0.0
[5.364457],0.0
[5.1930523],0.0
0,0.0
0,0.0
0,0.0
0,0.0
0,0.0
0,0.0
0,0.0
0,0.0
0,0.0
0,0.0
0,0.0
0,0.0
0,0.0
0,0.0
0,0.0
0,0.0
0,0.0
0,0.0
0,0.0
0,0.0
0,0.0
0,0.0
0,0.0
0,0.0
0,0.0
0,0.0
0,0.0
0,0.0
0,0.0
0,0.0
0,0.0
0,0.0
0,0.0
0,0.0
0,0.0
0,0.0
0,0.0
0,0.0
0,0.0
0,0.0
0,0.043166667
0,0.2338
0,0.4530334
0,0.86153346
[1.5246685],1.7460666
[2.8699782],2.6642334
[3.292287],3.6463335
[3.9681404],4.554333
[4.884926],5.7422004
[6.0090184],6.799666
[7.222535],7.8124666
[8.495608],8.7737665
[9.626803],9.737366
[10.7123575],10.586801
[11.425944],11.331434
[11.942956],12.095533
[12.324666],12.725668
[12.756565],13.470567
[12.990889],13.5821
[12.914233],14.664134
[13.417401],14.4313
[13.438398],14.667367
[13.71336],15.457734
[14.093793],15.839466
[14.575767],15.512099
[14.842937],16.436266
[15.063504],14.587234
[14.544253],14.478901
[14.120698],15.669134
[14.254046],15.587967
[14.537269],15.314633
[14.503108],14.9633665
[13.936088],14.677934
[13.443501],14.2123995
[12.999188],12.287266
[11.750525],10.1407995
[9.989174],8.623633
[8.228309],6.8136334
[6.9350767],11.6214
[9.195241],10.658867
[8.949124],9.4826
[8.979158],8.32
[7.7338123],6.321166
[6.7686157],6.2416997
[6.494853],5.428166
[6.1731915],3.7593005
[5.636071],3.4053333
[5.9949713],2.3887
[6.1446714],1.5380001
[5.634267],0.90646666
[4.948391],0.49723342
[5.1468034],0.2775666
[5.6054935],0.10253332
[5.6172576],0.0043333336
[5.254031],0.0
[5.0380325],0.0
0,0.0
0,0.0
0,0.0
0,0.0
0,0.0
0,0.0
0,0.0
0,0.0
0,0.0
0,0.0
0,0.0
0,0.0
0,0.0
0,0.0
0,0.0
0,0.0
0,0.0
0,0.0
0,0.0
0,0.0
0,0.0
0,0.0
0,0.0
0,0.0
0,0.0
0,0.0
0,0.0
0,0.0
0,0.0
0,0.0
0,0.0
0,0.0
0,0.0
0,0.0
0,0.0
0,0.0
0,0.0
0,0.0
0,0.0
0,0.0
0,0.030933328
0,0.38603336
0,0.75226665
0,1.1870999
[1.1654804],1.7629668
[2.1217208],2.3919
[2.3954957],3.1245003
[2.6859896],4.1176667
[3.4239917],4.8185334
[4.2363424],5.8053336
[5.313628],6.7500663
[6.2868233],7.599666
[7.427388],8.520901
[8.363027],9.236367
[9.26467],9.8737
[9.906028],10.6805
[10.517341],11.583767
[11.132197],12.185432
[11.562333],12.963634
[12.185411],13.438932
[12.41911],13.673533
[12.655668],14.108167
[13.017472],14.446
[13.420142],14.522866
[13.612056],14.833866
[13.830963],15.049132
[14.014703],15.030767
[14.055213],15.050433
[14.058113],14.782534
[13.910453],14.6531
[13.630588],14.514533
[13.332015],14.271734
[12.924161],13.9306
[12.611277],13.1244
[12.173572],12.887233
[11.752976],12.593933
[11.137853],11.501467
[10.561589],10.818566
[9.8917465],10.179999
[9.028645],9.271801
[8.529659],8.394567
[7.971873],7.611
[7.5314684],6.5963335
[7.021473],5.830133
[6.625994],4.8220997
[6.3722844],3.9316335
[6.284604],3.0848334
[6.2919655],2.2356665
[6.151998],1.5560666
[5.8845787],1.0436
[5.811637],0.6509
[5.804441],0.38446668
[5.8963985],0.13379997
[5.655218],0.007366667
[5.311133],0.0
[5.105323],0.0
0,0.0
0,0.0
0,0.0
0,0.0
0,0.0
0,0.0
0,0.0
0,0.0
0,0.0
0,0.0
0,0.0
0,0.0
0,0.0
0,0.0
0,0.0
0,0.0
0,0.0
0,0.0
0,0.0
0,0.0
0,0.0
0,0.0
0,0.0
0,0.0
0,0.0
0,0.0
0,0.0
0,0.0
0,0.0
0,0.0
0,0.0
0,0.0
0,0.0
0,0.0
0,0.0
0,0.0
0,0.0
0,0.0
0,0.0
0,0.0
0,0.04173333
0,0.39366668
0,0.66413337
0,1.0472
[1.5039737],1.7633333
[2.5935771],2.5870667
[2.9841278],3.5105336
[3.5875099],4.4736
[4.4381022],5.4791336
[5.467894],6.4632
[6.6244254],7.451534
[7.826064],8.411867
[8.937444],9.324201
[9.984555],10.160133
[10.78958],10.8863325
[11.391034],11.597334
[11.807416],12.370133
[12.289135],13.076134
[12.728778],13.793667
[13.0780325],14.0932
[13.337926],14.524733
[13.629331],15.008334
[13.981448],15.174933
[14.271743],15.588799
[14.541556],15.739
[14.677076],15.691733
[14.825528],15.9604
[14.926229],15.664201
[14.794253],15.596667
[14.561619],15.238999
[14.422889],15.115334
[14.131023],14.771314
[13.696027],14.4272995
[13.397452],14.155499
[13.027951],13.665234
[12.570809],13.1055
[12.068048],11.524
[11.176993],11.475333
[10.619798],11.310634
[9.844334],9.038134
[8.765736],9.305233
[8.711777],8.334701
[7.825596],7.4661665
[7.5609484],6.1372
[6.53436],4.3596997
[5.846392],4.2077003
[6.005004],3.5520332
[6.02483],2.6263332
[5.6454363],1.7463666
[5.4557624],1.0777334
[5.3697195],0.6161
[5.2364326],0.354
[5.483238],0.14796665
[5.6388755],0.0122
[5.4411674],0.0
[5.0760417],0.0
0,0.0
0,0.0
0,0.0
0,0.0
0,0.0
0,0.0
0,0.0
0,0.0
0,0.0
0,0.0
0,0.0
0,0.0
0,0.0
0,0.0
0,0.0
0,0.0
0,0.0
0,0.0
0,0.0
0,0.0
0,0.0
0,0.0
0,0.0
0,0.0
0,0.0
0,0.0
0,0.0
0,0.0
0,0.0
0,0.0
0,0.0
0,0.0
0,0.0
0,0.0
0,0.0
0,0.0
0,0.0
0,0.0
0,0.0
0,0.0
0,0.011433331
0,0.3593
0,0.65203327
0,1.1414
[1.0820963],1.8499
[2.1790104],2.5437334
[2.5313838],3.4135334
[2.949776],4.385033
[3.8231332],5.4196663
[4.745288],6.4094663
[6.011845],7.4138665
[7.17311],8.393933
[8.380195],9.335667
[9.535085],10.236933
[10.494006],11.050867
[11.2255945],11.842333
[11.677907],12.527933
[12.200433],13.116334
[12.529858],13.688734
[12.853866],14.189333
[13.089207],14.709665
[13.442347],14.958066
[13.781717],15.089334
[14.044987],15.292733
[14.218009],15.400266
[14.419948],15.375834
[14.469972],15.412032
[14.535699],15.554534
[14.537907],15.526464
[14.393398],15.311833
[14.202085],14.9928
[13.876039],14.605268
[13.409836],14.348133
[13.062802],13.845
[12.704194],13.459701
[12.378253],13.057667
[11.840814],12.339967
[11.181443],11.590867
[10.599206],10.188033
[9.531914],8.980901
[8.839719],9.120867
[8.384408],8.578
[7.8403544],5.4096
[6.205076],6.481733
[6.831252],5.3868
[6.658411],4.2541337
[6.043641],3.2602
[5.974277],2.4014666
[5.8432283],1.6608666
[5.912831],1.0894
[5.9162474],0.6662667
[5.7309976],0.40266675
[5.7266064],0.19426663
[5.682136],0.02233333
[5.4229317],0.0
[5.131181],0.0
0,0.0
0,0.0
0,0.0
0,0.0
0,0.0
0,0.0
0,0.0
0,0.0
0,0.0
0,0.0
0,0.0
0,0.0
0,0.0
0,0.0
0,0.0
0,0.0
0,0.0
0,0.0
0,0.0
0,0.0
0,0.0
0,0.0
0,0.0
0,0.0
0,0.0
0,0.0
0,0.0
0,0.0
0,0.0
0,0.0
0,0.0
0,0.0
0,0.0
0,0.0
0,0.0
0,0.0
0,0.0
0,0.0
0,0.0
0,0.0
0,0.20243336
0,0.5438667
0,0.658
0,1.0151001
[0.8924755],1.6657333
[1.9861948],2.4185333
[2.4470744],3.2755997
[2.915061],4.2152
[3.7538283],5.170533
[4.750513],6.1410003
[5.8100963],7.109
[6.9308653],8.040167
[8.021075],8.9197
[9.083451],9.771866
[9.993843],10.578866
[10.722806],11.320399
[11.167058],11.9916
[11.669528],12.5865
[12.004561],13.0273
[12.361283],13.516067
[12.5788355],13.975699
[12.859441],14.2142
[13.143123],14.406567
[13.505304],14.622267
[13.699837],14.739034
[13.880006],14.914767
[14.032189],14.929967
[14.092828],14.934001
[14.02756],14.795233
[13.941087],14.723203
[13.714474],14.5405
[13.507517],14.173468
[13.083478],13.851967
[12.687711],13.574202
[12.32696],13.035901
[12.09418],12.488434
[11.595254],12.080701
[10.9931],11.286201
[10.458795],10.580867
[9.791254],9.8053665
[9.165746],8.940166
[8.551399],8.004967
[7.909672],7.0556664
[7.408894],6.098933
[6.9049487],5.1437006
[6.577989],4.2173
[6.390005],3.3257
[6.3267307],2.4357998
[6.2204523],1.6752667
[5.8628874],1.0385334
[5.5222044],0.6842667
[5.4004564],0.40716666
[5.715102],0.17219998
[5.7637606],0.016866667
[5.409612],0.0
[5.0886526],0.0
0,0.0
0,0.0
0,0.0
0,0.0
0,0.0
0,0.0
0,0.0
0,0.0
0,0.0
0,0.0
0,0.0
0,0.0
0,0.0
0,0.0
0,0.0
0,0.0
0,0.0
0,0.0
0,0.0
0,0.0
0,0.0
0,0.0
0,0.0
0,0.0
0,0.0
0,0.0
0,0.0
0,0.0
0,0.0
0,0.0
0,0.0
0,0.0
0,0.0
0,0.0
0,0.0
0,0.0
0,0.0
0,0.0
0,0.0
0,0.0
0,0.103933334
0,0.2944
0,0.6790667
0,1.4974667
[0.9524569],2.2314665
[2.1768594],2.7341995
[2.3567078],2.6789334
[2.8069928],4.2469997
[4.0381722],5.3733997
[5.102906],6.3766
[6.5582037],7.4511337
[7.6716743],8.43
[8.918113],9.3558
[9.995771],10.2034
[10.790675],11.0378
[11.475158],11.855667
[11.889361],12.517933
[12.35545],13.048934
[12.674884],13.642967
[12.984243],14.134901
[13.239394],14.571499
[13.539287],14.958067
[13.797507],15.213699
[14.1265],15.4303
[14.305445],15.620967
[14.454064],15.713434
[14.676748],15.688668
[14.791968],15.585533
[14.654913],15.465399
[14.507392],15.2629
[14.361936],14.982199
[14.053668],14.795699
[13.745421],14.599633
[13.480766],14.103434
[13.218987],13.584634
[12.854786],13.146267
[12.347395],12.535667
[11.890932],11.818133
[11.291075],11.002334
[10.625437],10.106866
[9.864041],9.227134
[9.164465],8.368434
[8.408106],7.4224997
[7.686535],6.4902334
[7.051155],5.4339333
[6.6138],4.4437003
[6.270111],3.4004333
[5.965399],2.4636667
[5.608648],1.6616334
[5.1716046],1.0458333
[4.5376105],0.6124334
[4.392431],0.36526668
[4.9579325],0.16196664
[5.400414],0.025633331
[4.7429004],0.0
[2.8389423],0.0
0,0.0
0,0.0
0,0.0
0,0.0
0,0.0
0,0.0
0,0.0
0,0.0
0,0.0
0,0.0
0,0.0
0,0.0
0,0.0
0,0.0
0,0.0
0,0.0
0,0.0
0,0.0
0,0.0
0,0.0
0,0.0
0,0.0
0,0.0
0,0.0
0,0.0
0,0.0
0,0.0
0,0.0
0,0.0
0,0.0
0,0.0
0,0.0
0,0.0
0,0.0
0,0.0
0,0.0
0,0.0
0,0.0
0,0.0
0,-0.00013333333
0,6.666667e-05
0,0.27606666
0,0.4936667
0,0.768
[1.396301],1.5676666
[2.7297063],2.5032666
[3.2093618],3.4876
[3.737576],4.4864
[4.6947613],5.4866667
[5.7074957],6.4808
[6.8770156],7.493467
[8.106852],8.522134
[9.321528],9.485
[10.382594],10.302466
[11.09807],11.054267
[11.653218],11.8116
[11.981164],12.4626
[12.414411],13.053399
[12.72145],13.531867
[12.965716],13.921667
[13.146952],14.394668
[13.431615],14.684134
[13.704331],14.992133
[14.108752],15.224933
[14.29642],15.250935
[14.439942],15.453333
[14.575676],15.615199
[14.763709],15.469067
[14.645612],15.036867
[14.366727],15.339233
[14.156593],15.208366
[13.904521],15.063933
[13.903626],14.669499
[13.63844],14.13
[13.231033],13.740133
[12.787721],13.265267
[12.308969],12.642868
[11.853478],12.053133
[11.321647],11.225468
[10.707841],10.403467
[9.989455],9.481533
[9.381614],8.508134
[8.613705],7.573133
[7.892905],6.6575336
[7.1772256],5.5528665
[6.7639465],4.4912
[6.3395033],3.4928
[6.0497837],2.5944002
[5.74528],1.3609333
[4.640441],1.1365333
[4.169502],0.53880006
[4.3973684],0.36433333
[5.329426],0.14826664
[5.692677],0.020333335
[4.8376427],0.0
[2.5739436],0.0
0,0.0
0,0.0
0,0.0
0,0.0
0,0.0
0,0.0
0,0.0
0,0.0
0,0.0
0,0.0
0,0.0
0,0.0
0,0.0
0,0.0
0,0.0
0,0.0
0,0.0
0,0.0
0,0.0
0,0.0
0,0.0
0,0.0
0,0.0
0,0.0
0,0.0
0,0.0
0,0.0
0,0.0
0,0.0
0,0.0
0,0.0
0,0.0
0,0.0
0,0.0
0,0.0
0,0.0
0,0.0
0,0.0
0,0.0
0,0.0
0,0.00049999997
0,0.2636
0,0.44133335
0,0.7090667
[0.92852294],1.433
[2.3357449],2.3510997
[3.0761693],3.322
[3.6010754],4.307767
[4.526933],5.3400335
[5.5148153],6.370134
[6.6622467],7.376033
[7.9353538],8.4136
[9.127926],9.3981
[10.20572],10.207834
[10.959184],10.989601
[11.541661],11.7515
[11.899739],12.465701
[12.4096],13.054233
[12.707118],11.3213005
[11.437163],14.63517
[13.023101],12.652201
[11.405864],9.186867
[11.085763],12.243633
[11.577725],15.265533
[12.961693],15.828466
[13.429915],15.942233
[14.434441],14.148733
[13.754372],14.083467
[13.299084],12.909066
[13.106992],7.0971003
[9.555089],6.7742667
[8.9655485],9.3390665
[7.755007],5.1599665
[5.0133576],13.114533
[10.03254],5.0945
[5.1597524],6.342434
[7.4065914],4.7569666
[5.898735],5.6644673
[5.857584],10.914566
[9.858041],10.595201
[10.5982275],6.1179333
[5.7970457],8.696466
[6.681222],9.436333
[9.334318],7.9140997
[9.505532],6.2079663
[7.5889025],4.861567
[5.878935],3.7413666
[5.5656624],2.2699
[5.9712124],1.4294
[6.084291],1.1073333
[6.448048],0.80700004
[6.3630257],0.5014334
[5.9389973],0.19119997
[4.617457],0.016666666
[4.0241103],0.0
[4.718798],0.0
0,0.0
0,0.0
0,0.0
0,0.0
0,0.0
0,0.0
0,0.0
0,0.0
0,0.0
0,0.0
0,0.0
0,0.0
0,0.0
0,0.0
0,0.0
0,0.0
0,0.0
0,0.0
0,0.0
0,0.0
0,0.0
0,0.0
0,0.0
0,0.0
0,0.0
0,0.0
0,0.0
0,0.0
0,0.0
0,0.0
0,0.0
0,0.0
0,0.0
0,0.0
0,0.0
0,0.0
0,0.0
0,0.0
0,0.0
0,0.0
0,0.00026666667
0,0.2527333
0,0.40336668
0,0.672
[1.1420748],1.3941667
[2.5674903],2.3328998
[3.201677],3.3237333
[3.589731],4.5304
[4.4024453],5.6969995
[5.4198427],6.6404667
[6.771244],7.683067
[7.7401056],8.082633
[8.102085],7.4258666
[6.56915],7.8204665
[9.733188],11.174034
[11.225274],11.8703
[11.99905],12.523866
[12.561413],13.145066
[12.733361],13.679933
[13.106237],14.061067
[13.297326],14.494868
[13.494368],15.018001
[13.655447],14.4342
[13.462628],14.197667
[12.18583],14.3410015
[11.900909],12.5264
[11.23544],6.0908666
[8.602253],12.2858
[12.207959],17.214201
[14.182349],16.9186
[14.667739],13.857599
[12.469875],16.446999
[13.39792],16.1382
[12.908277],9.163833
[11.537904],3.3528666
[6.349073],10.557567
[8.783414],6.6116004
[5.5429845],12.9383
[10.43864],9.145233
[8.418461],11.293
[10.109336],4.733367
[4.6152463],3.5456998
[4.8551316],7.8869004
[9.287106],6.4139333
[9.341986],6.2818
[7.3356476],4.9691334
[5.895135],3.5389333
[5.2775745],2.4611332
[5.5283694],0.9674001
[4.8022146],1.1302667
[5.471019],0.82490003
[6.3090067],0.24339996
[5.89517],0.07266665
[5.310841],0.010399999
[5.166069],0.0
[5.0685368],0.0
0,0.0
0,0.0
0,0.0
0,0.0
0,0.0
0,0.0
0,0.0
0,0.0
0,0.0
0,0.0
0,0.0
0,0.0
0,0.0
0,0.0
0,0.0
0,0.0
0,0.0
0,0.0
0,0.0
0,0.0
0,0.0
0,0.0
0,0.0
0,0.0
0,0.0
0,0.0
0,0.0
0,0.0
0,0.0
0,0.0
0,0.0
0,0.0
0,0.0
0,0.0
0,0.0
0,0.0
0,0.0
0,0.0
0,0.0
0,-0.00013333333
0,0.13799998
0,0.35286668
0,0.52293336
0,0.81766665
[0.37676996],1.5468998
[1.0811932],2.5989335
[1.9838016],3.0046666
[2.3507254],3.7672665
[3.1672008],4.1968665
[3.6687133],5.852234
[4.9613996],6.3803
[5.3678093],6.9099
[6.794786],8.692767
[8.07344],9.353233
[8.548005],9.787266
[10.218621],11.2373
[10.877366],11.770467
[11.477262],12.386134
[12.081002],12.823333
[12.28509],13.386967
[12.614386],13.741166
[12.649845],14.123568
[12.921354],14.249701
[13.079417],14.438499
[13.26246],14.579734
[13.390733],14.791267
[13.561502],14.554133
[13.297054],14.748034
[13.214627],15.333632
[12.151955],13.706933
[12.540495],15.5558
[13.239976],14.819768
[12.91304],14.567366
[13.418295],12.569735
[12.19858],13.475033
[12.49655],12.6971
[10.549024],9.766168
[10.133109],6.878267
[6.2928243],3.9802666
[5.839266],5.0121
[7.133304],10.2870655
[9.163838],7.988767
[7.9638443],5.1047997
[5.902377],4.0080004
[5.8922257],2.0601335
[6.0351543],1.1382333
[5.142105],0.65313333
[4.4923515],0.27073333
[4.4965043],0.2761333
[5.415206],0.0901
[5.257341],0.0183
[5.006277],0.0
[4.98867],0.0
[4.547228],0.0
[4.452277],0.0
[4.3816357],0.0
0,0.0
0,0.0
0,0.0
0,0.0
0,0.0
0,0.0
0,0.0
0,0.0
0,0.0
0,0.0
0,0.0
0,0.0
0,0.0
0,0.0
0,0.0
0,0.0
0,0.0
0,0.0
0,0.0
0,0.0
0,0.0
0,0.0
0,0.0
0,0.0
0,0.0
0,0.0
0,0.0
0,0.0
0,0.0
0,0.0
0,0.0
0,0.0
0,0.0
0,0.0
0,0.0
0,0.0
0,0.0
0,0.0
0,0.0
0,0.0
0,0.021799998
0,0.2564
0,0.6926667
0,1.0335332
[0.5546824],1.2574667
[0.9430987],1.7398
[1.4622569],1.8433999
[1.5548398],1.5213331
[1.3097432],3.4696
[3.0286791],4.8968673
[3.8174765],6.008267
[4.8140593],7.6764665
[6.897159],8.9302
[7.782272],9.276134
[8.39013],4.2362003
[4.8149576],3.9404
[6.661083],11.009399
[7.900551],10.851133
[9.5144615],14.408533
[12.444846],15.007734
[12.283841],15.080465
[13.138671],14.961133
[13.420379],15.174666
[13.682707],15.363533
[13.757096],15.416199
[13.831877],15.445534
[13.966748],15.485934
[14.23303],15.405933
[14.322663],15.368934
[14.283679],15.218465
[14.236531],15.052334
[14.00969],14.735134
[13.737815],14.434999
[13.52855],13.959267
[13.183768],13.595333
[12.76419],13.0202
[12.285789],12.367801
[11.863441],11.663066
[10.069974],10.996266
[10.115369],10.168134
[10.101205],9.422067
[9.626835],8.498067
[8.938399],7.5754
[8.20762],6.6174664
[7.5538354],5.5606003
[7.215617],4.5587335
[6.8536615],3.5505998
[6.489911],2.5839334
[6.0195284],1.7458
[5.095941],1.0790668
[4.4320188],0.62499994
[4.344134],0.37313336
[4.715811],0.16939998
[4.6558056],0.013333333
[3.6358452],0.0
[2.4632885],0.0
0,0.0
0,0.0
0,0.0
0,0.0
0,0.0
0,0.0
0,0.0
0,0.0
0,0.0
0,0.0
0,0.0
0,0.0
0,0.0
0,0.0
0,0.0
0,0.0
